{"name":"ea7b287f-a5c8-4b95-a50c-8c6017f246ea","id":"/providers/Microsoft.Flow/flows/ea7b287f-a5c8-4b95-a50c-8c6017f246ea","type":"Microsoft.Flow/flows","properties":{"apiId":"/providers/Microsoft.PowerApps/apis/shared_logicflows","displayName":"Convert CSV to JSON","definition":{"metadata":{"workflowEntityId":null,"creator":{"id":"18841347-6623-4fb3-9694-1d411f03ae5d","type":"User","tenantId":"b5cf997a-643d-4007-a2e5-6ec9c5ab85cb"},"provisioningMethod":"FromDefinition","failureAlertSubscription":true,"clientLastModifiedTime":"2020-02-26T03:15:27.6816541Z"},"$schema":"https://schema.management.azure.com/providers/Microsoft.Logic/schemas/2016-06-01/workflowdefinition.json#","contentVersion":"1.0.0.0","parameters":{"$authentication":{"defaultValue":{},"type":"SecureObject"}},"triggers":{"manual":{"type":"Request","kind":"Button","inputs":{"schema":{"type":"object","properties":{},"required":[]}}}},"actions":{"Compose":{"runAfter":{"Initialize_variable":["Succeeded"]},"type":"Compose","inputs":"@split(variables('InputCSV'),outputs('Define_New_Line'))","description":"CSVの内容を改行コードでSplit"},"Define_New_Line":{"runAfter":{},"type":"Compose","inputs":"@decodeUriComponent('%0A')","description":"改行コードを定義"},"Header":{"runAfter":{"Compose":["Succeeded"]},"type":"Compose","inputs":"@split(outputs('Compose')?[0],',')","description":"前の結果の0番目をカンマでsplitしてヘッダーを定義(配列)"},"Apply_to_each":{"foreach":"@range(1,sub(length(outputs('Compose')),1))","actions":{"Select":{"runAfter":{},"type":"Select","inputs":{"from":"@range(0,length(outputs('Header')))","select":"@concat('\"',outputs('Header')?[item()],'\":\"',split(outputs('Compose')?[items('Apply_to_each')],',')?[item()],'\"')"},"description":"各行をカンマでSplitして、ヘッダーと合わせてSelect。Fromは列の数だけの整数配列"},"Compose_3":{"runAfter":{"Select":["Succeeded"]},"type":"Compose","inputs":"@json(concat('{',join(body('Select'),','),'}'))","description":"Pieter's method。Selectの結果をjoinしてjson化する"}},"runAfter":{"Header":["Succeeded"]},"type":"Foreach","description":"改行で分割した結果の1番目から最後までをApply to each","runtimeConfiguration":{"concurrency":{"repetitions":50}}},"Compose_4":{"runAfter":{"Apply_to_each":["Succeeded"]},"type":"Compose","inputs":"@outputs('Compose_3')","description":"Pieter's Method。ループ内のComposeの結果をComposeするとなんと配列になる！"},"Initialize_variable":{"runAfter":{"Define_New_Line":["Succeeded"]},"type":"InitializeVariable","inputs":{"variables":[{"name":"InputCSV","type":"String","value":"permalink,company,numEmps,category,city,state,fundedDate,raisedAmt,raisedCurrency,round\nlifelock,LifeLock,,web,Tempe,AZ,1-May-07,6850000,USD,b\nlifelock,LifeLock,,web,Tempe,AZ,1-Oct-06,6000000,USD,a\nlifelock,LifeLock,,web,Tempe,AZ,1-Jan-08,25000000,USD,c\nmycityfaces,MyCityFaces,7,web,Scottsdale,AZ,1-Jan-08,50000,USD,seed\nflypaper,Flypaper,,web,Phoenix,AZ,1-Feb-08,3000000,USD,a\ninfusionsoft,Infusionsoft,105,software,Gilbert,AZ,1-Oct-07,9000000,USD,a\ngauto,gAuto,4,web,Scottsdale,AZ,1-Jan-08,250000,USD,seed\nchosenlist-com,ChosenList.com,5,web,Scottsdale,AZ,1-Oct-06,140000,USD,seed\nchosenlist-com,ChosenList.com,5,web,Scottsdale,AZ,25-Jan-08,233750,USD,angel\ndigg,Digg,60,web,San Francisco,CA,1-Dec-06,8500000,USD,b\ndigg,Digg,60,web,San Francisco,CA,1-Oct-05,2800000,USD,a\nfacebook,Facebook,450,web,Palo Alto,CA,1-Sep-04,500000,USD,angel\nfacebook,Facebook,450,web,Palo Alto,CA,1-May-05,12700000,USD,a\nfacebook,Facebook,450,web,Palo Alto,CA,1-Apr-06,27500000,USD,b\nfacebook,Facebook,450,web,Palo Alto,CA,1-Oct-07,300000000,USD,c\nfacebook,Facebook,450,web,Palo Alto,CA,1-Mar-08,40000000,USD,c\nfacebook,Facebook,450,web,Palo Alto,CA,15-Jan-08,15000000,USD,c\nfacebook,Facebook,450,web,Palo Alto,CA,1-May-08,100000000,USD,debt_round\nphotobucket,Photobucket,60,web,Palo Alto,CA,1-May-06,10500000,USD,b\nphotobucket,Photobucket,60,web,Palo Alto,CA,1-Mar-05,3000000,USD,a\nomnidrive,Omnidrive,,web,Palo Alto,CA,1-Dec-06,800000,USD,angel\ngeni,Geni,18,web,West Hollywood,CA,1-Jan-07,1500000,USD,a\ngeni,Geni,18,web,West Hollywood,CA,1-Mar-07,10000000,USD,b\ntwitter,Twitter,17,web,San Francisco,CA,1-Jul-07,5400000,USD,b\ntwitter,Twitter,17,web,San Francisco,CA,1-May-08,15000000,USD,c\nstumbleupon,StumbleUpon,,web,San Francisco,CA,1-Dec-05,1500000,USD,seed"}]}}}},"connectionReferences":{},"flowFailureAlertSubscribed":false}}