{"name":"d3b7aa3c-9364-4884-8786-01f9f870f0d7","id":"/providers/Microsoft.Flow/flows/d3b7aa3c-9364-4884-8786-01f9f870f0d7","type":"Microsoft.Flow/flows","properties":{"apiId":"/providers/Microsoft.PowerApps/apis/shared_logicflows","displayName":"JSON Dictionary","definition":{"metadata":{"workflowEntityId":null,"flowclientsuspensionreason":"None","flowclientsuspensiontime":null,"creator":{"id":"18841347-6623-4fb3-9694-1d411f03ae5d","type":"User","tenantId":"b5cf997a-643d-4007-a2e5-6ec9c5ab85cb"},"provisioningMethod":"FromDefinition","failureAlertSubscription":true,"clientLastModifiedTime":"2020-10-11T16:37:44.560076Z"},"$schema":"https://schema.management.azure.com/providers/Microsoft.Logic/schemas/2016-06-01/workflowdefinition.json#","contentVersion":"1.0.0.0","parameters":{"$authentication":{"defaultValue":{},"type":"SecureObject"}},"triggers":{"manual":{"type":"Request","kind":"Button","inputs":{"schema":{"type":"object","properties":{},"required":[]}}}},"actions":{"顧客リスト":{"runAfter":{},"type":"Compose","inputs":[{"CustomerID":"1","CustomerName":"Alfreds Futterkiste","ContactName":"Maria Anders","Address":"Obere Str. 57","City":"Berlin","PostalCode":"12209","Country":"Germany"},{"CustomerID":"2","CustomerName":"Ana Trujillo Emparedados y helados","ContactName":"Ana Trujillo","Address":"Avda. de la Constitución 2222","City":"México D.F.","PostalCode":"5021","Country":"Mexico"},{"CustomerID":"3","CustomerName":"Antonio Moreno Taquería","ContactName":"Antonio Moreno","Address":"Mataderos 2312","City":"México D.F.","PostalCode":"5023","Country":"Mexico"}]},"注文リスト":{"runAfter":{},"type":"Compose","inputs":[{"OrderID":"10308","CustomerID":"2","EmployeeID":"7","OrderDate":"35326","ShipperID":"3"},{"OrderID":"10309","CustomerID":"37","EmployeeID":"3","OrderDate":"35327","ShipperID":"1"},{"OrderID":"10310","CustomerID":"3","EmployeeID":"8","OrderDate":"35328","ShipperID":"2"},{"OrderID":"10311","CustomerID":"2","EmployeeID":"4","OrderDate":"35331","ShipperID":"1"}]},"JSON_の解析":{"runAfter":{"顧客リスト":["Succeeded"]},"type":"ParseJson","inputs":{"content":"@outputs('顧客リスト')","schema":{"type":"array","items":{"type":"object","properties":{"CustomerID":{"type":"string"},"CustomerName":{"type":"string"},"ContactName":{"type":"string"},"Address":{"type":"string"},"City":{"type":"string"},"PostalCode":{"type":"string"},"Country":{"type":"string"}},"required":["CustomerID","CustomerName","ContactName","Address","City","PostalCode","Country"]}}}},"JSON_の解析_2":{"runAfter":{"注文リスト":["Succeeded"]},"type":"ParseJson","inputs":{"content":"@outputs('注文リスト')","schema":{"type":"array","items":{"type":"object","properties":{"OrderID":{"type":"string"},"CustomerID":{"type":"string"},"EmployeeID":{"type":"string"},"OrderDate":{"type":"string"},"ShipperID":{"type":"string"}},"required":["OrderID","CustomerID","EmployeeID","OrderDate","ShipperID"]}}}},"選択_-2リストの結合":{"runAfter":{"作成_-JSON_Dictionary":["Succeeded"]},"type":"Select","inputs":{"from":"@body('JSON_の解析_2')","select":{"OrderID":"@item()?['OrderID']","CustomerID":"@item()?['CustomerID']","EmployeeID":"@item()?['EmployeeID']","OrderDate":"@item()?['OrderDate']","ShipperID":"@item()?['ShipperID']","CustomerAddress":"@outputs('作成_-JSON_Dictionary')?[concat('Customer_', item()?['CustomerID'])]?['Address']","CustomerCity":"@outputs('作成_-JSON_Dictionary')?[concat('Customer_', item()?['CustomerID'])]?['City']","CustomerCountry":"@outputs('作成_-JSON_Dictionary')?[concat('Customer_', item()?['CustomerID'])]?['Country']"}}},"作成_-JSON_Dictionary":{"runAfter":{"結合":["Succeeded"]},"type":"Compose","inputs":"@json(concat('{', body('結合'), '}'))","description":"json(concat('{',body('結合'),'}'))"},"結合":{"runAfter":{"選択_-顧客リスト変換":["Succeeded"]},"type":"Join","inputs":{"from":"@body('選択_-顧客リスト変換')","joinWith":","}},"選択_-顧客リスト変換":{"runAfter":{"JSON_の解析_2":["Succeeded"],"JSON_の解析":["Succeeded"]},"type":"Select","inputs":{"from":"@body('JSON_の解析')","select":"@concat('\"Customer_', item()?['CustomerID'], '\":', string(item()))"},"description":"concat('\"Customer_',item()?['CustomerID'],'\":',string(item()))"}}},"connectionReferences":{},"flowFailureAlertSubscribed":false}}