{"name":"94b54438-ccc8-4eb4-98e0-c86940cd1eba","id":"/providers/Microsoft.Flow/flows/94b54438-ccc8-4eb4-98e0-c86940cd1eba","type":"Microsoft.Flow/flows","properties":{"apiId":"/providers/Microsoft.PowerApps/apis/shared_logicflows","displayName":"embed image to html","definition":{"metadata":{"workflowEntityId":null,"creator":{"id":"e696c79d-b038-4d1d-9ccc-95929645e1f0","type":"User","tenantId":"311c25f7-26eb-42f0-9578-f79c01fac9a1"},"provisioningMethod":"FromDefinition","failureAlertSubscription":true,"clientLastModifiedTime":"2020-02-21T14:25:45.1674646Z"},"$schema":"https://schema.management.azure.com/providers/Microsoft.Logic/schemas/2016-06-01/workflowdefinition.json#","contentVersion":"1.0.0.0","parameters":{"$connections":{"defaultValue":{},"type":"Object"},"$authentication":{"defaultValue":{},"type":"SecureObject"}},"triggers":{"manual":{"type":"Request","kind":"PowerApp","inputs":{"schema":{"type":"object","properties":{"Initializevariable_Value":{"type":"string","description":"Enter initial value. This parameter is used as part of \"8917B9DE-1355-4256-89DF-B31463F4ABA8\"","x-ms-powerflows-param-ispartial":true},"Initializevariable_Value_1":{"type":"string"},"Initializevariable_Value_2":{"type":"string"},"Initializevariable_Value_3":{"type":"string"}},"required":["Initializevariable_Value","Initializevariable_Value_1","Initializevariable_Value_2","Initializevariable_Value_3"]}}}},"actions":{"Initialize_variable":{"runAfter":{},"type":"InitializeVariable","inputs":{"variables":[{"name":"html","type":"String","value":"<html>\n\n<body>\n    <div>\n        <img src=\"@{triggerBody()['Initializevariable_Value_1']}\" />\n    </div>\n</body>\n\n</html>\n<style type=\"text/css\">\n    body,\n    div,\n    img {\n        width: @{triggerBody()['Initializevariable_Value_2']} px;\n        height: @{triggerBody()['Initializevariable_Value_3']} px;\n    }\n\n    div {\n        position: absolute;\n        background-repeat: no-repeat;\n        background-image:url('@{triggerBody()['Initializevariable_Value']}');\n    }\n\n    img {\n        position: absolute;\n        left: 0px;\n        top: 0px;\n    }\n</style>"}]}},"Create_file":{"runAfter":{"Convert_time_zone":["Succeeded"]},"metadata":{"flowSystemMetadata":{"swaggerOperationId":"CreateFile"}},"type":"ApiConnection","inputs":{"host":{"connection":{"name":"@json(decodeBase64(triggerOutputs().headers['X-MS-APIM-Tokens']))['$connections']['shared_onedriveforbusiness']['connectionId']"},"api":{"runtimeUrl":"https://japan-001.azure-apim.net/apim/onedriveforbusiness"}},"method":"post","body":"@variables('html')","path":"/datasets/default/files","queries":{"folderPath":"/","name":"intermediate.html"},"authentication":{"type":"Raw","value":"@json(decodeBase64(triggerOutputs().headers['X-MS-APIM-Tokens']))['$ConnectionKey']"}},"runtimeConfiguration":{"contentTransfer":{"transferMode":"Chunked"}}},"Convert_file":{"runAfter":{"Create_file":["Succeeded"]},"metadata":{"b!1HQ2YLSm2EGCnUGjCkzyXN8b7PHouXdGqBB0wwoNqVF00nUIA0pUQaD3ol_3OR86.01EXSPYO6V4UA5HJV24FD2PPIO6IV2KQJ7":"/tesst2.html","flowSystemMetadata":{"swaggerOperationId":"ConvertFile"},"b!1HQ2YLSm2EGCnUGjCkzyXN8b7PHouXdGqBB0wwoNqVF00nUIA0pUQaD3ol_3OR86.01EXSPYOZTTYQAVRFFVVHZ5RGP5GOKGTDU":"/intermediate.html"},"type":"ApiConnection","inputs":{"host":{"connection":{"name":"@json(decodeBase64(triggerOutputs().headers['X-MS-APIM-Tokens']))['$connections']['shared_onedriveforbusiness']['connectionId']"},"api":{"runtimeUrl":"https://japan-001.azure-apim.net/apim/onedriveforbusiness"}},"method":"get","path":"/datasets/default/files/@{encodeURIComponent(encodeURIComponent('b!1HQ2YLSm2EGCnUGjCkzyXN8b7PHouXdGqBB0wwoNqVF00nUIA0pUQaD3ol_3OR86.01EXSPYOZTTYQAVRFFVVHZ5RGP5GOKGTDU'))}/convert","queries":{"type":"JPG"},"authentication":{"type":"Raw","value":"@json(decodeBase64(triggerOutputs().headers['X-MS-APIM-Tokens']))['$ConnectionKey']"}}},"Create_file_2":{"runAfter":{"Convert_file":["Succeeded"]},"metadata":{"flowSystemMetadata":{"swaggerOperationId":"CreateFile"}},"type":"ApiConnection","inputs":{"host":{"connection":{"name":"@json(decodeBase64(triggerOutputs().headers['X-MS-APIM-Tokens']))['$connections']['shared_onedriveforbusiness']['connectionId']"},"api":{"runtimeUrl":"https://japan-001.azure-apim.net/apim/onedriveforbusiness"}},"method":"post","body":"@body('Convert_file')","path":"/datasets/default/files","queries":{"folderPath":"/","name":"@{concat(body('Convert_time_zone'),'.jpg')}"},"authentication":{"type":"Raw","value":"@json(decodeBase64(triggerOutputs().headers['X-MS-APIM-Tokens']))['$ConnectionKey']"}},"runtimeConfiguration":{"contentTransfer":{"transferMode":"Chunked"}}},"Convert_time_zone":{"runAfter":{"Initialize_variable":["Succeeded"]},"type":"Expression","kind":"ConvertTimeZone","inputs":{"baseTime":"@{utcNow()}","formatString":"yyyyMMddhhmmss","sourceTimeZone":"UTC","destinationTimeZone":"Tokyo Standard Time"}},"Respond_to_a_PowerApp_or_flow":{"runAfter":{"Create_file_2":["Succeeded"]},"type":"Response","kind":"PowerApp","inputs":{"statusCode":200,"body":{"filepath":"@body('Create_file_2')?['Path']"},"schema":{"type":"object","properties":{"filepath":{"title":"filepath","x-ms-dynamically-added":true,"type":"string"}}}}}}},"connectionReferences":{"shared_onedriveforbusiness":{"connectionName":"shared-onedriveforbu-80bb941e-0d48-44ec-8f2a-c5e833a97627","source":"Invoker","id":"/providers/Microsoft.PowerApps/apis/shared_onedriveforbusiness","tier":"NotSpecified"}},"flowFailureAlertSubscribed":false}}