{"name":"a865d0e3-a963-41d3-9e60-ac1ad36b902a","id":"/providers/Microsoft.Flow/flows/a865d0e3-a963-41d3-9e60-ac1ad36b902a","type":"Microsoft.Flow/flows","properties":{"apiId":"/providers/Microsoft.PowerApps/apis/shared_logicflows","displayName":"Sort array by Name","definition":{"metadata":{"workflowEntityId":null,"processAdvisorMetadata":null,"flowclientsuspensionreason":"None","flowclientsuspensiontime":null,"creator":{"id":"18841347-6623-4fb3-9694-1d411f03ae5d","type":"User","tenantId":"b5cf997a-643d-4007-a2e5-6ec9c5ab85cb"},"provisioningMethod":"FromDefinition","failureAlertSubscription":true,"clientLastModifiedTime":"2022-04-27T08:17:26.5190859Z"},"$schema":"https://schema.management.azure.com/providers/Microsoft.Logic/schemas/2016-06-01/workflowdefinition.json#","contentVersion":"1.0.0.0","parameters":{"$authentication":{"defaultValue":{},"type":"SecureObject"}},"triggers":{"manual":{"metadata":{"operationMetadataId":"01af7d63-b5e3-459d-852f-9dc95705138c"},"type":"Request","kind":"Button","inputs":{"schema":{"type":"object","properties":{},"required":[]}}}},"actions":{"Input_list":{"runAfter":{},"metadata":{"operationMetadataId":"bf0a0087-2881-4fc1-a556-0e9ce39a6160"},"type":"Compose","inputs":[{"name":"Richard Harris","department":"Technology"},{"name":"Carolyn Martin","department":"HR"},{"name":"Julian Powell","department":"Sales"},{"name":"Amanda Taylor","department":"Executive assistant"},{"name":"Jane North","department":"Finance"}]},"Initialize_variable":{"runAfter":{"Input_list":["Succeeded"]},"metadata":{"operationMetadataId":"953cfb11-6521-473b-816a-af7491f85ac1"},"type":"InitializeVariable","inputs":{"variables":[{"name":"sortedArray","type":"array","value":[]}]}},"Apply_to_each":{"foreach":"@outputs('Input_list')","actions":{"Current_item":{"runAfter":{},"metadata":{"operationMetadataId":"1a54f604-174c-4fc8-9219-dd7b06cf94b9"},"type":"Compose","inputs":"@items('Apply_to_each')"},"Filter_array_-_Less_then_or_equal":{"runAfter":{"Current_item":["Succeeded"]},"metadata":{"operationMetadataId":"7577e9c7-e94e-492e-aede-4b8031db8cd9"},"type":"Query","inputs":{"from":"@variables('sortedArray')","where":"@lessOrEquals(item()?['name'], outputs('Current_item')?['name'])"}},"Filter_array__-_greater_than":{"runAfter":{"Current_item":["Succeeded"]},"metadata":{"operationMetadataId":"d287626b-9726-4897-b4e4-a4ff021b5922"},"type":"Query","inputs":{"from":"@variables('sortedArray')","where":"@greater(item()?['name'], outputs('Current_item')?['name'])"}},"Set_variable":{"runAfter":{"Filter_array_-_Less_then_or_equal":["Succeeded"],"Filter_array__-_greater_than":["Succeeded"]},"metadata":{"operationMetadataId":"a4c78f14-966e-457e-9323-9f8cc8f758fc"},"type":"SetVariable","inputs":{"name":"sortedArray","value":"@union(union(body('Filter_array_-_Less_then_or_equal'),createArray(outputs('Current_item'))),body('Filter_array__-_greater_than'))"}}},"runAfter":{"Initialize_variable":["Succeeded"]},"metadata":{"operationMetadataId":"b4274f1b-c967-4c97-96ce-a358166e0e56"},"type":"Foreach"},"Show_result":{"runAfter":{"Apply_to_each":["Succeeded"]},"metadata":{"operationMetadataId":"c29edbcd-3f4d-4b15-b3c2-28f92dc2df5c"},"type":"Compose","inputs":"@variables('sortedArray')"}}},"connectionReferences":{},"flowFailureAlertSubscribed":false,"isManaged":false}}