{"name":"0e41d958-9193-4c1c-ab56-3b270cde6e63","id":"/providers/Microsoft.Flow/flows/0e41d958-9193-4c1c-ab56-3b270cde6e63","type":"Microsoft.Flow/flows","properties":{"apiId":"/providers/Microsoft.PowerApps/apis/shared_logicflows","displayName":"Distinct Array","definition":{"metadata":{"workflowEntityId":null,"creator":{"id":"7fb64b61-3403-4e72-8022-462d7e84ea5e","type":"User","tenantId":"64e5ad32-cb04-44df-8896-bed5d7792429"},"provisioningMethod":"FromDefinition","failureAlertSubscription":true,"clientLastModifiedTime":"2020-03-02T14:58:55.9188545Z"},"$schema":"https://schema.management.azure.com/providers/Microsoft.Logic/schemas/2016-06-01/workflowdefinition.json#","contentVersion":"1.0.0.0","parameters":{"$authentication":{"defaultValue":{},"type":"SecureObject"}},"triggers":{"manual":{"type":"Request","kind":"Button","inputs":{"schema":{"type":"object","properties":{},"required":[]}}}},"actions":{"Compose":{"runAfter":{},"type":"Compose","inputs":[{"Capacity":64,"Color":"Red","Name":"iPhone XR"},{"Capacity":64,"Color":"Black","Name":"iPhone XR"},{"Capacity":64,"Color":"Red","Name":"iPhone XR"},{"Capacity":64,"Color":"Black","Name":"iPhone XR"},{"Capacity":64,"Color":"White","Name":"iPhone 11"},{"Capacity":128,"Color":"White","Name":"iPhone 11"}]},"Select":{"runAfter":{"Compose":["Succeeded"]},"type":"Select","inputs":{"from":"@outputs('Compose')","select":{"Name":"@item()?['Name']","Color":"@item()?['Color']"}}},"Compose_2":{"runAfter":{"Select":["Succeeded"]},"type":"Compose","inputs":"@union(body('Select'),json('[]'))"}}},"connectionReferences":{},"flowFailureAlertSubscribed":false}}