{"name":"5b46f42f-e27a-4411-988b-611fa2013b01","id":"/providers/Microsoft.Flow/flows/5b46f42f-e27a-4411-988b-611fa2013b01","type":"Microsoft.Flow/flows","properties":{"apiId":"/providers/Microsoft.PowerApps/apis/shared_logicflows","displayName":"Split text by 2 delimiters","definition":{"metadata":{"workflowEntityId":null,"creator":{"id":"7fb64b61-3403-4e72-8022-462d7e84ea5e","type":"User","tenantId":"64e5ad32-cb04-44df-8896-bed5d7792429"},"provisioningMethod":"FromDefinition","failureAlertSubscription":true,"clientLastModifiedTime":"2020-03-04T05:57:17.7941726Z"},"$schema":"https://schema.management.azure.com/providers/Microsoft.Logic/schemas/2016-06-01/workflowdefinition.json#","contentVersion":"1.0.0.0","parameters":{"$authentication":{"defaultValue":{},"type":"SecureObject"}},"triggers":{"manual":{"type":"Request","kind":"Button","inputs":{"schema":{"type":"object","properties":{"text":{"title":"Input","type":"string","x-ms-dynamically-added":true,"description":"Please enter your input","x-ms-content-hint":"TEXT"}},"required":["text"]}},"description":"Delimiters are \"/\" and \"o\""}},"actions":{"Split_twice":{"runAfter":{},"type":"Select","inputs":{"from":"@split(triggerBody()?['text'],'/')","select":{"value":"@split(item(),'o')"}},"description":"From: split(triggerBody()?['text'],'/')   Map: split(item(),'o')"},"Build_json":{"runAfter":{"Split_twice":["Succeeded"]},"type":"Compose","inputs":{"root":{"items":"@body('Split_twice')"}}},"Create_Array":{"runAfter":{"Build_json":["Succeeded"]},"type":"Select","inputs":{"from":"@xpath(xml(outputs('Build_json')),'//*/value')","select":"@json(item())"},"description":"From: xpath(xml(outputs('Build_json')),'//*/value')   Map: json(item())?['value']"}}},"connectionReferences":{},"flowFailureAlertSubscribed":false}}