{"name":"0a7aaa52-b8aa-43e2-9308-ca38f63ff240","id":"/providers/Microsoft.Flow/flows/0a7aaa52-b8aa-43e2-9308-ca38f63ff240","type":"Microsoft.Flow/flows","properties":{"apiId":"/providers/Microsoft.PowerApps/apis/shared_logicflows","displayName":"SplitHalfWidthKataKana","definition":{"metadata":{"workflowEntityId":null,"creator":{"id":"18841347-6623-4fb3-9694-1d411f03ae5d","type":"User","tenantId":"b5cf997a-643d-4007-a2e5-6ec9c5ab85cb"},"provisioningMethod":"FromDefinition","failureAlertSubscription":true,"clientLastModifiedTime":"2020-02-13T08:18:59.2207775Z"},"$schema":"https://schema.management.azure.com/providers/Microsoft.Logic/schemas/2016-06-01/workflowdefinition.json#","contentVersion":"1.0.0.0","parameters":{"$authentication":{"defaultValue":{},"type":"SecureObject"}},"triggers":{"manual":{"type":"Request","kind":"Button","inputs":{"schema":{"type":"object","properties":{},"required":[]}}}},"actions":{"Compose":{"runAfter":{"HalfFullDict":["Succeeded"]},"type":"Compose","inputs":"ﾔﾏﾀﾞ ｺﾞｼﾞｭｳｼﾞﾛｳ"},"Select_2":{"runAfter":{"Compose":["Succeeded"]},"type":"Select","inputs":{"from":"@range(0,sub(length(outputs('Compose')),1))","select":{"chr":"@if(or(equals(substring(outputs('Compose'),add(item(),1),1),'ﾞ'),equals(substring(outputs('Compose'),add(item(),1),1),'ﾟ')),concat(substring(outputs('Compose'),item(),1),substring(outputs('Compose'),add(item(),1),1)),substring(outputs('Compose'),item(),1))","rownum":"@item()"}}},"Compose_2":{"runAfter":{"Select_2":["Succeeded"]},"type":"Compose","inputs":"@union(body('Select_2'),json(concat('[{\"rownum\":',sub(length(outputs('Compose')),1),',\"chr\":\"',substring(outputs('Compose'),sub(length(outputs('Compose')),1),1),'\"}]')))"},"Filter_array":{"runAfter":{"Compose_2":["Succeeded"]},"type":"Query","inputs":{"from":"@outputs('Compose_2')","where":"@not(or(equals(item()?['chr'], 'ﾞ'),equals(item()?['chr'], 'ﾟ')))"}},"Split_Input_String":{"runAfter":{"Filter_array":["Succeeded"]},"type":"Select","inputs":{"from":"@body('Filter_array')","select":"@item()?['chr']"}},"HalfFullDict":{"runAfter":{},"type":"Compose","inputs":{"halfWidth_ ":"　","halfWidth_ｱ":"ア","halfWidth_ｲ":"イ","halfWidth_ｳ":"ウ","halfWidth_ｴ":"エ","halfWidth_ｵ":"オ","halfWidth_ｶ":"カ","halfWidth_ｷ":"キ","halfWidth_ｸ":"ク","halfWidth_ｹ":"ケ","halfWidth_ｺ":"コ","halfWidth_ｻ":"サ","halfWidth_ｼ":"シ","halfWidth_ｽ":"ス","halfWidth_ｾ":"セ","halfWidth_ｿ":"ソ","halfWidth_ﾀ":"タ","halfWidth_ﾁ":"チ","halfWidth_ﾂ":"ツ","halfWidth_ﾃ":"テ","halfWidth_ﾄ":"ト","halfWidth_ﾅ":"ナ","halfWidth_ﾆ":"ニ","halfWidth_ﾇ":"ヌ","halfWidth_ﾈ":"ネ","halfWidth_ﾉ":"ノ","halfWidth_ﾊ":"ハ","halfWidth_ﾋ":"ヒ","halfWidth_ﾌ":"フ","halfWidth_ﾍ":"ヘ","halfWidth_ﾎ":"ホ","halfWidth_ﾏ":"マ","halfWidth_ﾐ":"ミ","halfWidth_ﾑ":"ム","halfWidth_ﾒ":"メ","halfWidth_ﾓ":"モ","halfWidth_ﾔ":"ヤ","halfWidth_ﾕ":"ユ","halfWidth_ﾖ":"ョ","halfWidth_ﾗ":"ラ","halfWidth_ﾘ":"リ","halfWidth_ﾙ":"ル","halfWidth_ﾚ":"レ","halfWidth_ﾛ":"ロ","halfWidth_ﾜ":"ワ","halfWidth_ｦ":"ヲ","halfWidth_ﾝ":"ン","halfWidth_ｶﾞ":"ガ","halfWidth_ｷﾞ":"ギ","halfWidth_ｸﾞ":"グ","halfWidth_ｹﾞ":"ゲ","halfWidth_ｺﾞ":"ゴ","halfWidth_ｻﾞ":"ザ","halfWidth_ｼﾞ":"ジ","halfWidth_ｽﾞ":"ズ","halfWidth_ｾﾞ":"ゼ","halfWidth_ｿﾞ":"ゾ","halfWidth_ﾀﾞ":"ダ","halfWidth_ﾁﾞ":"ヂ","halfWidth_ﾂﾞ":"ヅ","halfWidth_ﾃﾞ":"デ","halfWidth_ﾄﾞ":"ド","halfWidth_ﾊﾞ":"バ","halfWidth_ﾋﾞ":"ビ","halfWidth_ﾌﾞ":"ブ","halfWidth_ﾍﾞ":"ベ","halfWidth_ﾎﾞ":"ボ","halfWidth_ﾊﾟ":"パ","halfWidth_ﾋﾟ":"ピ","halfWidth_ﾌﾟ":"プ","halfWidth_ﾍﾟ":"ペ","halfWidth_ﾎﾟ":"ポ","halfWidth_ｯ":"ッ","halfWidth_ｧ":"ァ","halfWidth_ｨ":"ィ","halfWidth_ｩ":"ゥ","halfWidth_ｪ":"ェ","halfWidth_ｫ":"ォ","halfWidth_ｬ":"ャ","halfWidth_ｭ":"ュ","fullWidth_ア":"ｱ","fullWidth_イ":"ｲ","fullWidth_ウ":"ｳ","fullWidth_エ":"ｴ","fullWidth_オ":"ｵ","fullWidth_カ":"ｶ","fullWidth_キ":"ｷ","fullWidth_ク":"ｸ","fullWidth_ケ":"ｹ","fullWidth_コ":"ｺ","fullWidth_サ":"ｻ","fullWidth_シ":"ｼ","fullWidth_ス":"ｽ","fullWidth_セ":"ｾ","fullWidth_ソ":"ｿ","fullWidth_タ":"ﾀ","fullWidth_チ":"ﾁ","fullWidth_ツ":"ﾂ","fullWidth_テ":"ﾃ","fullWidth_ト":"ﾄ","fullWidth_ナ":"ﾅ","fullWidth_ニ":"ﾆ","fullWidth_ヌ":"ﾇ","fullWidth_ネ":"ﾈ","fullWidth_ノ":"ﾉ","fullWidth_ハ":"ﾊ","fullWidth_ヒ":"ﾋ","fullWidth_フ":"ﾌ","fullWidth_ヘ":"ﾍ","fullWidth_ホ":"ﾎ","fullWidth_マ":"ﾏ","fullWidth_ミ":"ﾐ","fullWidth_ム":"ﾑ","fullWidth_メ":"ﾒ","fullWidth_モ":"ﾓ","fullWidth_ヤ":"ﾔ","fullWidth_ユ":"ﾕ","fullWidth_ヨ":"ﾖ","fullWidth_ラ":"ﾗ","fullWidth_リ":"ﾘ","fullWidth_ル":"ﾙ","fullWidth_レ":"ﾚ","fullWidth_ロ":"ﾛ","fullWidth_ワ":"ﾜ","fullWidth_ヲ":"ｦ","fullWidth_ン":"ﾝ","fullWidth_ガ":"ｶﾞ","fullWidth_ギ":"ｷﾞ","fullWidth_グ":"ｸﾞ","fullWidth_ゲ":"ｹﾞ","fullWidth_ゴ":"ｺﾞ","fullWidth_ザ":"ｻﾞ","fullWidth_ジ":"ｼﾞ","fullWidth_ズ":"ｽﾞ","fullWidth_ゼ":"ｾﾞ","fullWidth_ゾ":"ｿﾞ","fullWidth_ダ":"ﾀﾞ","fullWidth_ヂ":"ﾁﾞ","fullWidth_ヅ":"ﾂﾞ","fullWidth_デ":"ﾃﾞ","fullWidth_ド":"ﾄﾞ","fullWidth_バ":"ﾊﾞ","fullWidth_ビ":"ﾋﾞ","fullWidth_ブ":"ﾌﾞ","fullWidth_ベ":"ﾍﾞ","fullWidth_ボ":"ﾎﾞ","fullWidth_パ":"ﾊﾟ","fullWidth_ピ":"ﾋﾟ","fullWidth_プ":"ﾌﾟ","fullWidth_ペ":"ﾍﾟ","fullWidth_ポ":"ﾎﾟ","fullWidth_ッ":"ｯ","fullWidth_ァ":"ｧ","fullWidth_ィ":"ｨ","fullWidth_ゥ":"ｩ","fullWidth_ェ":"ｪ","fullWidth_ォ":"ｫ","fullWidth_ャ":"ｬ","fullWidth_ュ":"ｭ","fullWidth_ョ":"ﾖ","fullWidth_　":" "}},"Select":{"runAfter":{"Split_Input_String":["Succeeded"]},"type":"Select","inputs":{"from":"@body('Split_Input_String')","select":"@if(equals(outputs('HalfFullDict')?[concat('halfWidth_',item())],null),item(),outputs('HalfFullDict')?[concat('halfWidth_',item())])"}},"Join":{"runAfter":{"Select":["Succeeded"]},"type":"Join","inputs":{"from":"@body('Select')","joinWith":"@{null}"}}}},"connectionReferences":{},"flowFailureAlertSubscribed":false}}