{"name":"e9e661c9-17d2-470a-bef6-20c0b92fe0a9","id":"/providers/Microsoft.Flow/flows/e9e661c9-17d2-470a-bef6-20c0b92fe0a9","type":"Microsoft.Flow/flows","properties":{"apiId":"/providers/Microsoft.PowerApps/apis/shared_logicflows","displayName":"Auto Populate Forms Survey from Template","definition":{"metadata":{"workflowEntityId":null,"processAdvisorMetadata":null,"flowclientsuspensionreason":"None","flowclientsuspensiontime":null,"creator":{"id":"e8c906f3-6502-422d-abfc-e1aaba7ecbeb","type":"User","tenantId":"7b4df313-4bd9-4a7a-b474-2c7021d04e57"},"provisioningMethod":"FromDefinition","failureAlertSubscription":true,"clientLastModifiedTime":"2021-10-21T13:55:33.6694451Z"},"$schema":"https://schema.management.azure.com/providers/Microsoft.Logic/schemas/2016-06-01/workflowdefinition.json#","contentVersion":"1.0.0.0","parameters":{"$connections":{"defaultValue":{},"type":"Object"},"$authentication":{"defaultValue":{},"type":"SecureObject"}},"triggers":{"Recurrence":{"recurrence":{"frequency":"Month","interval":1,"timeZone":"Tokyo Standard Time","startTime":"2021-10-31T15:00:00.000Z"},"type":"Recurrence"}},"actions":{"Send_an_HTTP_request_to_SharePoint":{"runAfter":{"Compose-RequestBody":["Succeeded"]},"type":"OpenApiConnection","inputs":{"host":{"apiId":"/providers/Microsoft.PowerApps/apis/shared_sharepointonline","connectionName":"shared_sharepointonline","operationId":"HttpRequest"},"parameters":{"dataset":"https://forms.office.com","parameters/method":"POST","parameters/uri":"formapi/api/@{variables('tenantID')}/groups/@{variables('groupID')}/light/forms('@{variables('templateFormID')}')/CopyToUser","parameters/headers":{"content-type":"application/json"},"parameters/body":"@outputs('Compose-RequestBody')"},"authentication":"@parameters('$authentication')"},"description":"Populate form from Template with option"},"TenantID":{"runAfter":{},"type":"InitializeVariable","inputs":{"variables":[{"name":"tenantID","type":"string","value":"7b4d1233-4bd9-4a7a-b474-2c7021d04e57"}]}},"GroupID":{"runAfter":{"TenantID":["Succeeded"]},"type":"InitializeVariable","inputs":{"variables":[{"name":"groupID","type":"string","value":"6e2ab363-8cf4-4e22-ae20-e4a105a74ae4"}]}},"TemplateFormID":{"runAfter":{"GroupID":["Succeeded"]},"type":"InitializeVariable","inputs":{"variables":[{"name":"templateFormID","type":"string","value":"E_NNe9lLekq0dCxabcBOV2OzKm70jJROriDkoQWnSuRUM0JTOEZYUElSUUhJTDhMVFJFVdefMFJTUiQlQCN0PWcu"}]}},"Compose-RequestBody":{"runAfter":{"Convert_time_zone_-_EndTime":["Succeeded"]},"type":"Compose","inputs":{"newOwnerId":"@{variables('groupID')}","newTenantId":"@{variables('tenantID')}","isNewOwnerGroup":true,"patchProperties":{"formsProRTTitle":"Monthly Security Survey - @{formatDateTime(utcNow(),'yyyy-MM')}","title":"Monthly Security Survey - @{formatDateTime(utcNow(),'yyyy-MM')}","settings":"{\"TimerEnabled\":true,\"TimerEnabledStart\":true,\"TimerEnabledEnd\":true,\"StartTime\":\"@{body('Convert_time_zone_-_StartTime')}\",\"EndTime\":\"@{body('Convert_time_zone_-_EndTime')}\",\"RequiresUniqueResponse\":false,\"IsAnonymous\":false,\"NotRecordIdentity\":false,\"IsQuizMode\":false}"}}},"Convert_time_zone_-_StartTime":{"runAfter":{"TemplateFormID":["Succeeded"]},"type":"Expression","kind":"ConvertTimeZone","inputs":{"baseTime":"@{concat(formatDateTime(utcNow(),'yyyy-MM'),'-01 00:00:00')}","formatString":"yyyy-MM-ddTHH:mm:ss.000Z","sourceTimeZone":"Tokyo Standard Time","destinationTimeZone":"UTC"}},"Convert_time_zone_-_EndTime":{"runAfter":{"Convert_time_zone_-_StartTime":["Succeeded"]},"type":"Expression","kind":"ConvertTimeZone","inputs":{"baseTime":"@{concat(addDays(utcNow(),32,'yyyy-MM'),'-01 00:00:00')}","formatString":"yyyy-MM-ddTHH:mm:ss.000Z","sourceTimeZone":"Tokyo Standard Time","destinationTimeZone":"UTC"}},"SurveyURL":{"runAfter":{"Send_an_HTTP_request_to_SharePoint":["Succeeded"]},"type":"InitializeVariable","inputs":{"variables":[{"name":"surveyUrl","type":"string","value":"@{concat('https://forms.office.com/Pages/ResponsePage.aspx?id=',outputs('Send_an_HTTP_request_to_SharePoint')?['body/id'])}"}]}},"Send_an_email_(V2)":{"runAfter":{"Compose_-_MailBody":["Succeeded"]},"type":"OpenApiConnection","inputs":{"host":{"apiId":"/providers/Microsoft.PowerApps/apis/shared_office365","connectionName":"shared_office365","operationId":"SendEmailV2"},"parameters":{"emailMessage/To":"test@example.com","emailMessage/Subject":"[Action Required] Monthly Security Survey","emailMessage/Body":"@outputs('Compose_-_MailBody')","emailMessage/Importance":"High"},"authentication":"@parameters('$authentication')"}},"Compose_-_MailBody":{"runAfter":{"SurveyURL":["Succeeded"]},"type":"Compose","inputs":"<p><a href=\"@{variables('surveyUrl')}\">Respond to Survey</a>&nbsp;</p>"}}},"connectionReferences":{"shared_sharepointonline":{"connectionName":"5b164e0da13c4409a5f536028163874d","source":"Embedded","id":"/providers/Microsoft.PowerApps/apis/shared_sharepointonline","tier":"NotSpecified"},"shared_office365":{"connectionName":"fb2bcecd200a436593df5779d1ee086b","source":"Embedded","id":"/providers/Microsoft.PowerApps/apis/shared_office365","tier":"NotSpecified"}},"flowFailureAlertSubscribed":false}}