{"name":"e9e661c9-17d2-470a-bef6-20c0b92fe0a9","id":"/providers/Microsoft.Flow/flows/e9e661c9-17d2-470a-bef6-20c0b92fe0a9","type":"Microsoft.Flow/flows","properties":{"apiId":"/providers/Microsoft.PowerApps/apis/shared_logicflows","displayName":"Auto Populate Forms Survey from Template","definition":{"metadata":{"workflowEntityId":null,"processAdvisorMetadata":null,"flowclientsuspensionreason":"None","flowclientsuspensiontime":null,"creator":{"id":"e8c906f3-6502-422d-abfc-e1aaba7ecbeb","type":"User","tenantId":"7b4df313-4bd9-4a7a-b474-2c7021d04e57"},"provisioningMethod":"FromDefinition","failureAlertSubscription":true,"clientLastModifiedTime":"2021-11-15T13:28:08.5531329Z"},"$schema":"https://schema.management.azure.com/providers/Microsoft.Logic/schemas/2016-06-01/workflowdefinition.json#","contentVersion":"1.0.0.0","parameters":{"$connections":{"defaultValue":{},"type":"Object"},"$authentication":{"defaultValue":{},"type":"SecureObject"}},"triggers":{"Recurrence":{"recurrence":{"frequency":"Month","interval":1,"timeZone":"Tokyo Standard Time","startTime":"2021-10-31T15:00:00.000Z"},"metadata":{"operationMetadataId":"82011920-5432-4a4e-b03e-e0f9fb0b1c86"},"type":"Recurrence"}},"actions":{"Send_an_HTTP_request_to_SharePoint":{"runAfter":{"Compose-RequestBody":["Succeeded"]},"metadata":{"operationMetadataId":"92257bd2-33e6-4392-86d4-5727b44eb48c"},"type":"OpenApiConnection","inputs":{"host":{"apiId":"/providers/Microsoft.PowerApps/apis/shared_sharepointonline","connectionName":"shared_sharepointonline","operationId":"HttpRequest"},"parameters":{"dataset":"https://forms.office.com","parameters/method":"POST","parameters/uri":"formapi/api/@{variables('tenantID')}/groups/@{variables('groupID')}/light/forms('@{variables('templateFormID')}')/CopyToUser","parameters/headers":{"content-type":"application/json"},"parameters/body":"@outputs('Compose-RequestBody')"},"authentication":"@parameters('$authentication')"},"description":"Populate form from Template with option"},"TenantID":{"runAfter":{},"metadata":{"operationMetadataId":"0f570559-de0d-4a59-ab25-7fc29087c2bd"},"type":"InitializeVariable","inputs":{"variables":[{"name":"tenantID","type":"string","value":"7b4df313-4bd9-4a7a-b474-2c7021d04e57"}]}},"GroupID":{"runAfter":{"TenantID":["Succeeded"]},"metadata":{"operationMetadataId":"0cda8a8d-0664-4c9d-8d58-193f76755b60"},"type":"InitializeVariable","inputs":{"variables":[{"name":"groupID","type":"string","value":"6e2ab363-8cf4-4e94-ae20-e4a105a74ae4"}]}},"TemplateFormID":{"runAfter":{"GroupID":["Succeeded"]},"metadata":{"operationMetadataId":"eb5ba1ad-8865-43e8-bc18-c10dca9aca2e"},"type":"InitializeVariable","inputs":{"variables":[{"name":"templateFormID","type":"string","value":"E_NNe9lLekq0dCxwIdBOV2OzKm70jJROriDkoQWnSuRUM0JTOEZYUElSUUhJTDhMVFJFVFQxMFJTUiQlQCN0PWcu"}]}},"Compose-RequestBody":{"runAfter":{"Convert_time_zone_-_EndTime":["Succeeded"]},"metadata":{"operationMetadataId":"0795c753-4243-4c26-adea-eaa555b36ac0"},"type":"Compose","inputs":{"newOwnerId":"@{variables('groupID')}","newTenantId":"@{variables('tenantID')}","isNewOwnerGroup":true,"patchProperties":{"formsProRTTitle":"Monthly Security Survey -@{body('Convert_time_zone_-_Survey_Title')} ","title":"Monthly Security Survey - @{body('Convert_time_zone_-_Survey_Title')}","settings":"{\"TimerEnabled\":true,\"TimerEnabledStart\":true,\"TimerEnabledEnd\":true,\"StartTime\":\"@{utcNow()}\",\"EndTime\":\"@{body('Convert_time_zone_-_EndTime')}\",\"RequiresUniqueResponse\":false,\"IsAnonymous\":false,\"NotRecordIdentity\":false,\"IsQuizMode\":false}"}}},"Convert_time_zone_-_EndTime":{"runAfter":{"Convert_time_zone_-_Survey_Title":["Succeeded"]},"metadata":{"operationMetadataId":"1ed43a0e-41fd-4d66-ac66-7e4ccc90a7ea"},"type":"Expression","kind":"ConvertTimeZone","inputs":{"baseTime":"@{concat(addDays(utcNow(),32,'yyyy-MM'),'-01 00:00:00')}","formatString":"yyyy-MM-ddTHH:mm:ss.000Z","sourceTimeZone":"Tokyo Standard Time","destinationTimeZone":"UTC"}},"SurveyURL":{"runAfter":{"Send_an_HTTP_request_to_SharePoint":["Succeeded"]},"metadata":{"operationMetadataId":"d1f9f145-fcf2-4eb7-bb97-4736d197de0d"},"type":"InitializeVariable","inputs":{"variables":[{"name":"surveyUrl","type":"string","value":"@{concat('https://forms.office.com/Pages/ResponsePage.aspx?id=',outputs('Send_an_HTTP_request_to_SharePoint')?['body/id'])}"}]}},"Send_an_email_(V2)":{"runAfter":{"Compose_-_MailBody":["Succeeded"]},"metadata":{"operationMetadataId":"0247af1a-2789-45ea-9092-7307b50e64dc"},"type":"OpenApiConnection","inputs":{"host":{"apiId":"/providers/Microsoft.PowerApps/apis/shared_office365","connectionName":"shared_office365","operationId":"SendEmailV2"},"parameters":{"emailMessage/To":"AutomateTest@chonmage.onmicrosoft.com","emailMessage/Subject":"[Action Required] Monthly Security Survey","emailMessage/Body":"@outputs('Compose_-_MailBody')","emailMessage/Importance":"High"},"authentication":"@parameters('$authentication')"}},"Compose_-_MailBody":{"runAfter":{"SurveyURL":["Succeeded"]},"metadata":{"operationMetadataId":"7380ee22-4758-42a1-86c7-f0af1883c56c"},"type":"Compose","inputs":"<p><a href=\"@{variables('surveyUrl')}\">Respond to Survey</a>&nbsp;</p>"},"Convert_time_zone_-_Survey_Title":{"runAfter":{"TemplateFormID":["Succeeded"]},"metadata":{"operationMetadataId":"ed8432da-6b9d-40a4-8746-eb75d7d08619"},"type":"Expression","kind":"ConvertTimeZone","inputs":{"baseTime":"@{utcNow()}","formatString":"yyyy-MM","sourceTimeZone":"UTC","destinationTimeZone":"Tokyo Standard Time"}}}},"connectionReferences":{"shared_sharepointonline":{"connectionName":"5b164e0da13c4409a5f536028163874d","source":"Embedded","id":"/providers/Microsoft.PowerApps/apis/shared_sharepointonline","tier":"NotSpecified"},"shared_office365":{"connectionName":"fb2bcecd200a436593df5779d1ee086b","source":"Embedded","id":"/providers/Microsoft.PowerApps/apis/shared_office365","tier":"NotSpecified"}},"flowFailureAlertSubscribed":false}}