{"name":"b69ec025-4c34-495f-ab69-8c525d5e0351","id":"/providers/Microsoft.Flow/flows/b69ec025-4c34-495f-ab69-8c525d5e0351","type":"Microsoft.Flow/flows","properties":{"apiId":"/providers/Microsoft.PowerApps/apis/shared_logicflows","displayName":"Check unauthorized repository use","definition":{"metadata":{"workflowEntityId":null,"processAdvisorMetadata":null,"flowclientsuspensionreason":"None","flowclientsuspensiontime":null,"creator":{"id":"e8c906f3-6502-422d-abfc-e1aaba7ecbeb","type":"User","tenantId":"7b4df313-4bd9-4a7a-b474-2c7021d04e57"},"provisioningMethod":"FromDefinition","failureAlertSubscription":true,"clientLastModifiedTime":"2022-01-05T17:07:45.8111473Z"},"$schema":"https://schema.management.azure.com/providers/Microsoft.Logic/schemas/2016-06-01/workflowdefinition.json#","contentVersion":"1.0.0.0","parameters":{"$connections":{"defaultValue":{},"type":"Object"},"$authentication":{"defaultValue":{},"type":"SecureObject"}},"triggers":{"manual":{"metadata":{"operationMetadataId":"eaa75343-567e-4c96-9a13-1aa9d4e95082"},"type":"Request","kind":"Button","inputs":{"schema":{"type":"object","properties":{},"required":[]}}}},"actions":{"List_Environments_as_Admin":{"runAfter":{"Initialize_variable":["Succeeded"]},"metadata":{"operationMetadataId":"3210e139-c4b1-47a2-8858-5a46023f73d3"},"type":"OpenApiConnection","inputs":{"host":{"apiId":"/providers/Microsoft.PowerApps/apis/shared_powerplatformforadmins","connectionName":"shared_powerplatformforadmins","operationId":"Get-AdminEnvironment"},"parameters":{"api-version":"2018-10-01"},"authentication":{"value":"@json(decodeBase64(triggerOutputs().headers['X-MS-APIM-Tokens']))['$ConnectionKey']","type":"Raw"}}},"Apply_to_each":{"foreach":"@outputs('List_Environments_as_Admin')?['body/value']","actions":{"Get_Apps_as_Admin":{"runAfter":{},"metadata":{"operationMetadataId":"6df99a90-760e-4add-b60a-d2911fe79ab5"},"type":"OpenApiConnection","inputs":{"host":{"apiId":"/providers/Microsoft.PowerApps/apis/shared_powerappsforadmins","connectionName":"shared_powerappsforadmins","operationId":"Get-AdminApps"},"parameters":{"environment":"@items('Apply_to_each')?['name']","api-version":"2016-11-01","$top":250},"authentication":{"value":"@json(decodeBase64(triggerOutputs().headers['X-MS-APIM-Tokens']))['$ConnectionKey']","type":"Raw"}}},"Filter_array":{"runAfter":{"Get_Apps_as_Admin":["Succeeded"]},"metadata":{"operationMetadataId":"8168c98d-8cab-4363-83f9-b537a8aba887"},"type":"Query","inputs":{"from":"@outputs('Get_Apps_as_Admin')?['body/value']","where":"@not(equals(item()?['properties']?['sourceControl'], null))"},"description":"Filter app which has been enabled Git version control"},"Select":{"runAfter":{"Filter_array":["Succeeded"]},"metadata":{"operationMetadataId":"8f354dff-78bb-48c4-aaec-528bb7738ca4"},"type":"Select","inputs":{"from":"@body('Filter_array')","select":{"owner":"@item()?['properties']?['owner']?['displayName']","environmentId":"@item()?['properties']?['environment']?['name']","gitUrl":"@item()?['properties']?['sourceControl']?['gitUrl']","appId":"@item()?['id']"}}},"Compose":{"runAfter":{"Select":["Succeeded"]},"metadata":{"operationMetadataId":"c18cf905-43de-468b-b194-63a51f62c2c6"},"type":"Compose","inputs":"@variables('sourceControledApps')"},"Set_variable":{"runAfter":{"Compose":["Succeeded"]},"metadata":{"operationMetadataId":"5c5100eb-4886-427f-879b-3ff23d7e6c11"},"type":"SetVariable","inputs":{"name":"sourceControledApps","value":"@union(outputs('Compose'),body('Select'))"}}},"runAfter":{"List_Environments_as_Admin":["Succeeded"]},"metadata":{"operationMetadataId":"1bac9861-7eb2-40f9-aaa4-dab273e370c7"},"type":"Foreach"},"Initialize_variable":{"runAfter":{},"metadata":{"operationMetadataId":"002fe65a-dd60-4091-95b7-25669d697710"},"type":"InitializeVariable","inputs":{"variables":[{"name":"sourceControledApps","type":"array","value":[]}]}},"Filter_array_2":{"runAfter":{"Apply_to_each":["Succeeded"]},"metadata":{"operationMetadataId":"378d3b88-abc2-4868-83d8-d56247292deb"},"type":"Query","inputs":{"from":"@variables('sourceControledApps')","where":"@not(equals(item()?['gitUrl'], 'https://github.com/<your repository Url>'))"}},"Create_HTML_table":{"runAfter":{"Filter_array_2":["Succeeded"]},"metadata":{"operationMetadataId":"81d4d2bc-932b-4d56-aaa1-c328e8f85072"},"type":"Table","inputs":{"from":"@body('Filter_array_2')","format":"HTML"}},"Condition":{"actions":{"Send_an_email_(V2)":{"runAfter":{},"metadata":{"operationMetadataId":"4ff40a23-d1d6-4135-b883-6f1995805570"},"type":"OpenApiConnection","inputs":{"host":{"apiId":"/providers/Microsoft.PowerApps/apis/shared_office365","connectionName":"shared_office365","operationId":"SendEmailV2"},"parameters":{"emailMessage/To":"test@example.com","emailMessage/Subject":"Alert : Source code has been stored in unauthorized repository","emailMessage/Body":"@body('Create_HTML_table')"},"authentication":{"value":"@json(decodeBase64(triggerOutputs().headers['X-MS-APIM-Tokens']))['$ConnectionKey']","type":"Raw"}}}},"runAfter":{"Create_HTML_table":["Succeeded"]},"expression":{"not":{"equals":["@length(body('Filter_array_2'))",0]}},"metadata":{"operationMetadataId":"fb427064-3638-4afd-817e-884c6a688b17"},"type":"If"}}},"connectionReferences":{"shared_powerplatformforadmins":{"connectionName":"7e227e60abfc4720b6f0a75b0cd6017d","source":"Invoker","id":"/providers/Microsoft.PowerApps/apis/shared_powerplatformforadmins","tier":"NotSpecified"},"shared_powerappsforadmins":{"connectionName":"fa5c8025985c408bb0166fb685f2b272","source":"Invoker","id":"/providers/Microsoft.PowerApps/apis/shared_powerappsforadmins","tier":"NotSpecified"},"shared_office365":{"connectionName":"fb2bcecd200a436593df5779d1ee086b","source":"Invoker","id":"/providers/Microsoft.PowerApps/apis/shared_office365","tier":"NotSpecified"}},"flowFailureAlertSubscribed":false}}