{"name":"81254770-c872-4535-b12e-7bac90c09e79","id":"/providers/Microsoft.Flow/flows/81254770-c872-4535-b12e-7bac90c09e79","type":"Microsoft.Flow/flows","properties":{"apiId":"/providers/Microsoft.PowerApps/apis/shared_logicflows","displayName":"配列シャッフル","definition":{"metadata":{"workflowEntityId":null,"flowclientsuspensionreason":"None","flowclientsuspensiontime":null,"creator":{"id":"18841347-6623-4fb3-9694-1d411f03ae5d","type":"User","tenantId":"b5cf997a-643d-4007-a2e5-6ec9c5ab85cb"},"provisioningMethod":"FromDefinition","failureAlertSubscription":true,"clientLastModifiedTime":"2020-10-06T06:47:39.5763485Z"},"$schema":"https://schema.management.azure.com/providers/Microsoft.Logic/schemas/2016-06-01/workflowdefinition.json#","contentVersion":"1.0.0.0","parameters":{"$authentication":{"defaultValue":{},"type":"SecureObject"}},"triggers":{"manual":{"type":"Request","kind":"Button","inputs":{"schema":{"type":"object","properties":{},"required":[]}}}},"actions":{"Initialize_variable":{"runAfter":{},"type":"InitializeVariable","inputs":{"variables":[{"name":"Arr","type":"array","value":[{"Id":"@{guid()}","Name":"Abdullah Hamed"},{"Id":"@{guid()}","Name":"James Montemagno"},{"Id":"@{guid()}","Name":"Jayme Singleton"},{"Id":"@{guid()}","Name":"Jeff Fritz"},{"Id":"@{guid()}","Name":"Jon Galloway"},{"Id":"@{guid()}","Name":"Nish Anil"}]}]}},"Generate_random_array":{"runAfter":{"Initialize_variable":["Succeeded"]},"type":"Select","inputs":{"from":"@range(0,mul(length(variables('Arr')),100))","select":"@int(string(rand(0,length(variables('Arr')))))"}},"Generate_random_order":{"runAfter":{"Generate_random_array":["Succeeded"]},"type":"Compose","inputs":"@union(body('Generate_random_array'),range(0,length(variables('Arr'))))"},"Shuffle_Array":{"runAfter":{"Generate_random_order":["Succeeded"]},"type":"Select","inputs":{"from":"@outputs('Generate_random_order')","select":"@variables('Arr')?[item()]"}}}},"connectionReferences":{},"flowFailureAlertSubscribed":false}}