{"name":"511476d5-b70f-4258-b37f-7c8bf2f5ee12","id":"/providers/Microsoft.Flow/flows/511476d5-b70f-4258-b37f-7c8bf2f5ee12","type":"Microsoft.Flow/flows","properties":{"apiId":"/providers/Microsoft.PowerApps/apis/shared_logicflows","displayName":"List Groups by Name","definition":{"metadata":{"workflowEntityId":null,"processAdvisorMetadata":null,"flowclientsuspensionreason":"None","flowclientsuspensiontime":null,"flowclientsuspensionreasondetails":null,"creator":{"id":"e8c906f3-6502-422d-abfc-e1aaba7ecbeb","type":"User","tenantId":"7b4df313-4bd9-4a7a-b474-2c7021d04e57"},"provisioningMethod":"FromDefinition","failureAlertSubscription":true,"clientLastModifiedTime":"2022-08-31T01:51:07.4799051Z"},"$schema":"https://schema.management.azure.com/providers/Microsoft.Logic/schemas/2016-06-01/workflowdefinition.json#","contentVersion":"1.0.0.0","parameters":{"$connections":{"defaultValue":{},"type":"Object"},"$authentication":{"defaultValue":{},"type":"SecureObject"}},"triggers":{"manual":{"metadata":{"operationMetadataId":"a19598f8-90fc-4f5f-90bf-16a18ee15ad8","flowSystemMetadata":{"swaggerOperationId":"ComposeAMessageV2","taskModuleWidth":null,"taskModuleHeight":null,"inputsAdaptiveCard":"{\"$schema\":\"http://adaptivecards.io/schemas/adaptive-card.json\",\"type\":\"AdaptiveCard\",\"version\":\"1.3\",\"body\":[{\"type\":\"TextBlock\",\"weight\":\"Bolder\",\"size\":\"Large\",\"text\":\"Get group email by display name\"},{\"type\":\"TextBlock\",\"text\":\"displayname\",\"wrap\":true},{\"type\":\"Input.Text\",\"id\":\"groupName\",\"spacing\":\"None\"}],\"actions\":[{\"type\":\"Action.Submit\",\"title\":\"Find\"}],\"-ms-tokens\":{}}"}},"type":"Request","kind":"ApiConnection","inputs":{"schema":{"type":"object","properties":{},"required":[]},"host":{"connection":{"name":"@parameters('$connections')['shared_teams']['connectionId']"},"api":{"runtimeUrl":"https://flow-apim-unitedstates-002-eastus-01.azure-apim.net/apim/teams"}},"operationId":"ComposeAMessageV2","parameters":{"inputsAdaptiveCard":"{\"$schema\":\"http://adaptivecards.io/schemas/adaptive-card.json\",\"type\":\"AdaptiveCard\",\"version\":\"1.3\",\"body\":[{\"type\":\"TextBlock\",\"weight\":\"Bolder\",\"size\":\"Large\",\"text\":\"Get group email by display name\"},{\"type\":\"TextBlock\",\"text\":\"displayname\",\"wrap\":true},{\"type\":\"Input.Text\",\"id\":\"groupName\",\"spacing\":\"None\"}],\"actions\":[{\"type\":\"Action.Submit\",\"title\":\"Find\"}],\"-ms-tokens\":{}}"}}}},"actions":{"List_groups":{"runAfter":{},"metadata":{"operationMetadataId":"492f0366-45df-4086-9e36-63b068ca72bc"},"type":"OpenApiConnection","inputs":{"host":{"apiId":"/providers/Microsoft.PowerApps/apis/shared_office365groups","connectionName":"shared_office365groups","operationId":"ListGroups"},"parameters":{"$filter":"startswith(displayName,'@{triggerBody()?['cardOutputs']?['groupName']}')"},"authentication":{"value":"@json(decodeBase64(triggerOutputs().headers['X-MS-APIM-Tokens']))['$ConnectionKey']","type":"Raw"}}},"Compose_-_Table_Header":{"runAfter":{"List_groups":["Succeeded"]},"metadata":{"operationMetadataId":"fd3d3236-8ade-4950-8dca-19e9a7e51dde"},"type":"Compose","inputs":[{"type":"ColumnSet","columns":[{"type":"Column","width":50,"items":[{"type":"TextBlock","text":"displayName","weight":"Bolder","wrap":true}]},{"type":"Column","width":50,"items":[{"type":"TextBlock","text":"mail","weight":"Bolder","wrap":true}]}]}]},"Select":{"runAfter":{"Compose_-_Table_Header":["Succeeded"]},"metadata":{"operationMetadataId":"b93c1e4d-0661-474e-a47a-14ed0d4a6bf2"},"type":"Select","inputs":{"from":"@outputs('List_groups')?['body/value']","select":{"type":"ColumnSet","columns":[{"type":"Column","width":50,"items":[{"type":"TextBlock","text":"@{item()?['displayName']}","wrap":true}]},{"type":"Column","width":50,"items":[{"type":"TextBlock","text":"@{item()?['mail']}","wrap":true}]}]}}},"Compose_-_Response":{"runAfter":{"Select":["Succeeded"]},"metadata":{"operationMetadataId":"5a47a2cc-aff4-4f00-9c90-6a15a901c5d5"},"type":"Compose","inputs":{"type":"AdaptiveCard","body":[{"type":"TextBlock","size":"Medium","weight":"Bolder","text":"Result\n"},{"type":"Container","items":"@union(outputs('Compose_-_Table_Header'), body('Select'))"}],"$schema":"http://adaptivecards.io/schemas/adaptive-card.json","version":"1.4"}},"Respond_in_Teams_task_module":{"runAfter":{"Compose_-_Response":["Succeeded"]},"metadata":{"operationMetadataId":"c196aa3b-d28a-4c59-82bb-c71295a62bb7"},"type":"Response","kind":"Teams","inputs":{"statusCode":200,"body":{"responseAdaptiveCard":"@outputs('Compose_-_Response')"},"schema":{"type":"object","properties":{"responseAdaptiveCard":{"title":"Response Adaptive Card","type":"string"}}}}}}},"connectionReferences":{"shared_teams":{"connectionName":"add12c2ab3ce4ba39c6ce5a7d50cf16f","source":"Invoker","id":"/providers/Microsoft.PowerApps/apis/shared_teams","tier":"NotSpecified"},"shared_office365groups":{"connectionName":"shared-office365grou-e1947b0b-59f9-4881-a005-3c182cdf9b8e","source":"Invoker","id":"/providers/Microsoft.PowerApps/apis/shared_office365groups","tier":"NotSpecified"}},"flowFailureAlertSubscribed":false,"isManaged":false}}