{"name":"ca145051-104b-4dd1-867d-474cae6139d9","id":"/providers/Microsoft.Flow/flows/ca145051-104b-4dd1-867d-474cae6139d9","type":"Microsoft.Flow/flows","properties":{"apiId":"/providers/Microsoft.PowerApps/apis/shared_logicflows","displayName":"restaurant search","definition":{"metadata":{"workflowEntityId":null,"flowclientsuspensionreason":"None","flowclientsuspensiontime":null,"creator":{"id":"e8c906f3-6502-422d-abfc-e1aaba7ecbeb","type":"User","tenantId":"7b4df313-4bd9-4a7a-b474-2c7021d04e57"},"provisioningMethod":"FromDefinition","failureAlertSubscription":true,"clientLastModifiedTime":"2020-11-05T05:42:56.1653211Z"},"$schema":"https://schema.management.azure.com/providers/Microsoft.Logic/schemas/2016-06-01/workflowdefinition.json#","contentVersion":"1.0.0.0","parameters":{"$connections":{"defaultValue":{},"type":"Object"},"$authentication":{"defaultValue":{},"type":"SecureObject"}},"triggers":{"When_a_new_channel_message_is_added":{"recurrence":{"frequency":"Minute","interval":3},"splitOn":"@triggerOutputs()?['body']","type":"OpenApiConnection","inputs":{"host":{"apiId":"/providers/Microsoft.PowerApps/apis/shared_teams","connectionName":"shared_teams","operationId":"OnNewChannelMessage"},"parameters":{"groupId":"9a37377c-6799-4d9c-a11f-9d0a2508ca36","channelId":"19:e9cae06c3bfe4fb4b61fd9a9980630de@thread.tacv2"},"authentication":"@parameters('$authentication')"},"conditions":[{"expression":"@equals(triggerBody()?['from']?['application'],null)"},{"expression":"@not(equals(length(triggerBody()?['attachments']),0))"}]}},"actions":{"Select":{"runAfter":{"Get_file_content_using_path":["Succeeded"]},"type":"Select","inputs":{"from":"@json(outputs('Get_file_content_using_path')?['body'])?['results']?['shop']","select":{"name":"@item()?['name']","img":"@item()?['photo']?['pc']?['m']","address":"@item()?['address']","url":"@item()?['urls']?['pc']","mapurl":"https://www.bing.com/maps?rtp=adr.~pos.@{item()?['lat']}_@{item()?['lng']}","id":"@item()?['id']"}}},"Post_your_own_adaptive_card_as_the_Flow_bot_to_a_channel":{"runAfter":{"Select-Map_AC_body":["Succeeded"]},"type":"OpenApiConnection","inputs":{"host":{"apiId":"/providers/Microsoft.PowerApps/apis/shared_teams","connectionName":"shared_teams","operationId":"PostChannelAdaptiveCard"},"parameters":{"groupId":"9a37377c-6799-4d9c-a11f-9d0a2508ca36","PostAdaptiveCardRequest/recipient/channelId":"19:e9cae06c3bfe4fb4b61fd9a9980630de@thread.tacv2","PostAdaptiveCardRequest/messageBody":"{\n    \"type\": \"AdaptiveCard\",\n    \"$schema\": \"http://adaptivecards.io/schemas/adaptive-card.json\",\n    \"version\": \"1.2\",\n    \"body\": @{body('Select-Map_AC_body')}\n}"},"authentication":"@parameters('$authentication')"}},"Upload_file_from_URL":{"runAfter":{"Compose-define_user_location":["Succeeded"]},"type":"OpenApiConnection","inputs":{"host":{"apiId":"/providers/Microsoft.PowerApps/apis/shared_onedriveforbusiness","connectionName":"shared_onedriveforbusiness","operationId":"CopyFile"},"parameters":{"source":"https://webservice.recruit.co.jp/hotpepper/gourmet/v1/?key=APIKEY&lat=@{outputs('Compose-define_user_location')?['lat']}&lng=@{outputs('Compose-define_user_location')?['lng']}&range=2&order=4&count=10&format=json","destination":"/searchResult.json","overwrite":true},"authentication":"@parameters('$authentication')"}},"Get_file_content_using_path":{"runAfter":{"Upload_file_from_URL":["Succeeded"]},"type":"OpenApiConnection","inputs":{"host":{"apiId":"/providers/Microsoft.PowerApps/apis/shared_onedriveforbusiness","connectionName":"shared_onedriveforbusiness","operationId":"GetFileContentByPath"},"parameters":{"path":"/searchResult.json","inferContentType":true},"authentication":"@parameters('$authentication')"}},"Select-Map_AC_body":{"runAfter":{"Select":["Succeeded"]},"type":"Select","inputs":{"from":"@body('Select')","select":{"type":"Container","separator":true,"items":[{"type":"ColumnSet","columns":[{"type":"Column","width":90,"items":[{"type":"TextBlock","text":"@{item()?['name']}","wrap":true,"size":"Large"}]},{"type":"Column","width":10,"items":[{"type":"Image","url":"https://github.com/mofumofu-dance/PowerApps365/raw/master/misc/down-arrow.png","selectAction":{"type":"Action.ToggleVisibility","targetElements":["inner_@{item()?['id']}","hide_@{item()?['id']}","show_@{item()?['id']}"]},"id":"show_@{item()?['id']}"},{"type":"Image","url":"https://github.com/mofumofu-dance/PowerApps365/raw/master/misc/up-arrow.png","spacing":"None","id":"hide_@{item()?['id']}","selectAction":{"type":"Action.ToggleVisibility","targetElements":["inner_@{item()?['id']}","hide_@{item()?['id']}","show_@{item()?['id']}"]},"isVisible":false}]}]},{"type":"Container","items":[{"type":"Image","url":"@{item()?['img']}","spacing":"None","height":"180px","horizontalAlignment":"center"},{"type":"TextBlock","text":"@{item()?['address']}","wrap":true},{"type":"ActionSet","actions":[{"type":"Action.OpenUrl","title":"Open in Map","url":"@{item()?['mapurl']}"},{"type":"Action.OpenUrl","title":"Open HP","url":"@{item()?['url']}"}]}],"id":"inner_@{item()?['id']}","isVisible":false}]}}},"Compose-extract_map_url":{"runAfter":{},"type":"Compose","inputs":"@json(triggerBody()?['attachments']?[0]?['content'])?['body']?[0]?['selectAction']?['url']"},"Compose-define_user_location":{"runAfter":{"Compose-extract_map_url":["Succeeded"]},"type":"Compose","inputs":{"lat":"@split(split(outputs('Compose-extract_map_url'),'pos.')?[1],'_')?[0]","lng":"@split(split(outputs('Compose-extract_map_url'),'pos.')?[1],'_')?[1]"}}},"outputs":{}},"connectionReferences":{"shared_teams":{"connectionName":"add12c2ab3ce4ba39c6ce5a7d50cf16f","source":"Embedded","id":"/providers/Microsoft.PowerApps/apis/shared_teams","tier":"NotSpecified"},"shared_onedriveforbusiness":{"connectionName":"shared-onedriveforbu-a5125c11-f241-4800-8462-40232a211bc6","source":"Embedded","id":"/providers/Microsoft.PowerApps/apis/shared_onedriveforbusiness","tier":"NotSpecified"}},"flowFailureAlertSubscribed":false}}