{"name":"e85b6da3-f2c3-42b9-8af1-984bb5fe1d33","id":"/providers/Microsoft.Flow/flows/e85b6da3-f2c3-42b9-8af1-984bb5fe1d33","type":"Microsoft.Flow/flows","properties":{"apiId":"/providers/Microsoft.PowerApps/apis/shared_logicflows","displayName":"Send mention in outlook","definition":{"metadata":{"workflowEntityId":null,"processAdvisorMetadata":null,"flowclientsuspensionreason":"None","flowclientsuspensiontime":null,"creator":{"id":"e8c906f3-6502-422d-abfc-e1aaba7ecbeb","type":"User","tenantId":"7b4df313-4bd9-4a7a-b474-2c7021d04e57"},"provisioningMethod":"FromDefinition","failureAlertSubscription":true,"clientLastModifiedTime":"2021-09-10T14:35:40.982632Z"},"$schema":"https://schema.management.azure.com/providers/Microsoft.Logic/schemas/2016-06-01/workflowdefinition.json#","contentVersion":"1.0.0.0","parameters":{"$connections":{"defaultValue":{},"type":"Object"},"$authentication":{"defaultValue":{},"type":"SecureObject"}},"triggers":{"manual":{"type":"Request","kind":"Button","inputs":{"schema":{"type":"object","properties":{},"required":[]}}}},"actions":{"Get_user_profile_(V2)":{"runAfter":{},"type":"OpenApiConnection","inputs":{"host":{"apiId":"/providers/Microsoft.PowerApps/apis/shared_office365users","connectionName":"shared_office365users","operationId":"UserProfile_V2"},"parameters":{"id":"user@example.com"},"authentication":{"value":"@json(decodeBase64(triggerOutputs().headers['X-MS-APIM-Tokens']))['$ConnectionKey']","type":"Raw"}}},"Compose-mail_body":{"runAfter":{"Get_user_profile_(V2)":["Succeeded"]},"type":"Compose","inputs":"<p>Hello </p>\n<a id=\"OWAAM@{rand(111111, 999999)}\" class=\"J9Y1oNF3ZpoR5LC3M2PHm mention ms-bgc-nlr ms-fcl-b\" href=\"mailto:@{outputs('Get_user_profile_(V2)')?['body/mail']}\">@ @{outputs('Get_user_profile_(V2)')?['body/displayName']}</a>\n<br>\nThis is test email"},"Send_an_HTTP_request":{"runAfter":{"Compose-mail_body":["Succeeded"]},"type":"OpenApiConnection","inputs":{"host":{"apiId":"/providers/Microsoft.PowerApps/apis/shared_office365groups","connectionName":"shared_office365groups","operationId":"HttpRequest"},"parameters":{"Uri":"https://graph.microsoft.com/beta/me/sendMail","Method":"POST","Body":"{\n    \"message\": {\n        \"subject\": \"Send mention from Power Automate\",\n        \"body\": {\n            \"contentType\": \"HTML\",\n            \"content\": \"@{replace(outputs('Compose-mail_body'), '\"', '\\\"')}\"\n        },\n        \"toRecipients\": [\n            {\n                \"emailAddress\": {\n                    \"address\":\"@{outputs('Get_user_profile_(V2)')?['body/mail']}\"\n                }\n            }\n        ],\n        \"mentions\": [\n            {\n                \"mentioned\": {\n                    \"address\":\"@{outputs('Get_user_profile_(V2)')?['body/mail']}\"\n                }\n            }\n        ]\n    }\n}","ContentType":"application/json"},"authentication":{"value":"@json(decodeBase64(triggerOutputs().headers['X-MS-APIM-Tokens']))['$ConnectionKey']","type":"Raw"}}}}},"connectionReferences":{"shared_office365users":{"connectionName":"shared-office365user-e0c1f6f8-50b1-46b1-8a4d-233132bc3a53","source":"Invoker","id":"/providers/Microsoft.PowerApps/apis/shared_office365users","tier":"NotSpecified"},"shared_office365groups":{"connectionName":"shared-office365grou-e1947b0b-59f9-4881-a005-3c182cdf9b8e","source":"Invoker","id":"/providers/Microsoft.PowerApps/apis/shared_office365groups","tier":"NotSpecified"}},"flowFailureAlertSubscribed":false}}