{"schemaVersion":"1.0","appDefinitionTemplate":{"id":"/providers/Microsoft.PowerApps/apps/","type":"Microsoft.PowerApps/apps","tags":{"minimumRequiredApiVersion":"2.2.0"},"properties":{"appVersion":"2020-02-21T14:28:00Z","lifeCycleId":"Published","createdByClientVersion":{"major":3,"minor":20022,"build":19,"revision":0,"majorRevision":0,"minorRevision":0},"minClientVersion":{"major":3,"minor":20022,"build":19,"revision":0,"majorRevision":0,"minorRevision":0},"backgroundColor":"rgba(0, 176, 240, 1)","backgroundImageUri":"/12467019911446432036/N05a2d75f-e386-4af5-b029-a52abd79279a-logoSmallFile","displayName":"PaintingApp","description":"","commitMessage":"","appUris":{"documentUri":{"value":"/12467019911446432036/N8b13b6e6-f398-495d-b100-61f96f75ef27-document.msapp","readonlyValue":"/12467019911446432036/N8b13b6e6-f398-495d-b100-61f96f75ef27-document.msapp"},"imageUris":[]},"createdTime":"0001-01-01T00:00:00Z","lastModifiedTime":"0001-01-01T00:00:00Z","sharedGroupsCount":0,"sharedUsersCount":0,"icons":{"smallIconUri":"/12467019911446432036/Nd9b29e12-9ec0-44d1-be70-8fcf63f0df81-small.png","mediumIconUri":"/12467019911446432036/Neff605eb-34c3-4372-99e7-3956f382c993-medium.png","largeIconUri":"/12467019911446432036/N879da1f0-92fa-4b20-8a66-666ba094c2b2-large.png","wideIconUri":"/12467019911446432036/N29a997c5-b5d3-4387-9c6d-3d8e50dd9911-wide.png"},"connectionReferences":{"e195d25d-a76b-4e67-b106-62ed9e3051c1":{"id":"5f14d32a-87c1-46a8-aa49-93392ca0bbbb","displayName":"Logic flows","iconUri":"https://resourcestackdeploy.blob.core.windows.net/scripts/13276078.png","dataSources":["embedimagetohtml"],"dependencies":["953b8b2b-ce6a-4c96-8486-135e633d5f0c"],"dependents":[],"parameterHints":{"workflowName":{"value":"f34c881f-7bd5-47f4-bc2d-1963c5f47d92"},"953b8b2b-ce6a-4c96-8486-135e633d5f0c":{"value":"shared_onedriveforbusiness"}},"isOnPremiseConnection":false,"bypassConsent":false,"dataSets":{},"apiTier":"Standard","isCustomApiConnection":false},"953b8b2b-ce6a-4c96-8486-135e633d5f0c":{"id":"0c6499c3-09ef-4090-8722-7cf1b474eb3b","displayName":"OneDrive for Business","iconUri":"https://connectoricons-prod.azureedge.net/onedriveforbusiness/icon_1.0.1306.1889.png","dataSources":[],"dependencies":[],"dependents":["e195d25d-a76b-4e67-b106-62ed9e3051c1"],"parameterHints":{},"isOnPremiseConnection":false,"bypassConsent":false,"dataSets":{},"apiTier":"Standard","isCustomApiConnection":false}},"databaseReferences":{},"almMode":"Environment","performanceOptimizationEnabled":false,"canConsumeAppPass":true},"isAppComponentLibrary":false,"appComponents":[]}}