{"name":"3cf53caa-7eaa-45dd-9608-33db253b330b","id":"/providers/Microsoft.Flow/flows/3cf53caa-7eaa-45dd-9608-33db253b330b","type":"Microsoft.Flow/flows","properties":{"apiId":"/providers/Microsoft.PowerApps/apis/shared_logicflows","displayName":"Append Team member","definition":{"metadata":{"workflowEntityId":null,"flowclientsuspensionreason":"None","flowclientsuspensiontime":null,"creator":{"id":"e8c906f3-6502-422d-abfc-e1aaba7ecbeb","type":"User","tenantId":"7b4df313-4bd9-4a7a-b474-2c7021d04e57"},"provisioningMethod":"FromDefinition","failureAlertSubscription":true,"clientLastModifiedTime":"2021-04-14T07:01:47.7982933Z"},"$schema":"https://schema.management.azure.com/providers/Microsoft.Logic/schemas/2016-06-01/workflowdefinition.json#","contentVersion":"1.0.0.0","parameters":{"$connections":{"defaultValue":{},"type":"Object"},"$authentication":{"defaultValue":{},"type":"SecureObject"}},"triggers":{"manual":{"type":"Request","kind":"Button","inputs":{"schema":{"type":"object","properties":{"text":{"title":"TeamID","type":"string","x-ms-dynamically-added":true,"description":"Please enter your input","x-ms-content-hint":"TEXT"},"file":{"title":"MemberList","type":"object","x-ms-dynamically-added":true,"description":"Please select file or image","x-ms-content-hint":"FILE","properties":{"name":{"type":"string"},"contentBytes":{"type":"string","format":"byte"}}}},"required":["text"]}},"description":"MemberListはヘッダーなしメールアドレス一覧のCSVファイル (改行コードはCRLF)"}},"actions":{"Apply_to_each":{"foreach":"@body('Filter_array')","actions":{"Get_user_profile_(V2)":{"runAfter":{},"type":"OpenApiConnection","inputs":{"host":{"apiId":"/providers/Microsoft.PowerApps/apis/shared_office365users","connectionName":"shared_office365users","operationId":"UserProfile_V2"},"parameters":{"id":"@items('Apply_to_each')"},"authentication":{"value":"@json(decodeBase64(triggerOutputs().headers['X-MS-APIM-Tokens']))['$ConnectionKey']","type":"Raw"}}},"Add_a_member_to_a_team":{"runAfter":{"Get_user_profile_(V2)":["Succeeded"]},"type":"OpenApiConnection","inputs":{"host":{"apiId":"/providers/Microsoft.PowerApps/apis/shared_teams","connectionName":"shared_teams","operationId":"AddMemberToTeam"},"parameters":{"teamId":"@triggerBody()['text']","body/userId":"@outputs('Get_user_profile_(V2)')?['body/id']"},"authentication":{"value":"@json(decodeBase64(triggerOutputs().headers['X-MS-APIM-Tokens']))['$ConnectionKey']","type":"Raw"}}}},"runAfter":{"Filter_array":["Succeeded"]},"type":"Foreach"},"Compose_-_ファイルから文字列化":{"runAfter":{},"type":"Compose","inputs":"@base64ToString(triggerBody()['file']['contentBytes'])"},"Filter_array":{"runAfter":{"Compose_-_ファイルから文字列化":["Succeeded"]},"type":"Query","inputs":{"from":"@split(outputs('Compose_-_ファイルから文字列化'),decodeUriComponent('%0D%0A'))","where":"@not(equals(empty(item()), true))"},"description":"改行コードはCRLF もしLFの場合にはsplit(...)内の%0D%0Aを%0Aのみに変更。空行をフィルター"}},"outputs":{}},"connectionReferences":{"shared_office365users":{"connectionName":"shared-office365user-e0c1f6f8-50b1-46b1-8a4d-233132bc3a53","source":"Invoker","id":"/providers/Microsoft.PowerApps/apis/shared_office365users","tier":"NotSpecified"},"shared_teams":{"connectionName":"add12c2ab3ce4ba39c6ce5a7d50cf16f","source":"Invoker","id":"/providers/Microsoft.PowerApps/apis/shared_teams","tier":"NotSpecified"}},"flowFailureAlertSubscribed":false}}