{"name":"149ffdfe-770d-462f-ac01-37f2c5a70d41","id":"/providers/Microsoft.Flow/flows/149ffdfe-770d-462f-ac01-37f2c5a70d41","type":"Microsoft.Flow/flows","properties":{"apiId":"/providers/Microsoft.PowerApps/apis/shared_logicflows","displayName":"Retrieve HubSite structure","definition":{"metadata":{"workflowEntityId":null,"processAdvisorMetadata":null,"flowclientsuspensionreason":"None","flowclientsuspensiontime":null,"flowclientsuspensionreasondetails":null,"creator":{"id":"e8c906f3-6502-422d-abfc-e1aaba7ecbeb","type":"User","tenantId":"7b4df313-4bd9-4a7a-b474-2c7021d04e57"},"provisioningMethod":"FromDefinition","failureAlertSubscription":true,"clientLastModifiedTime":"2022-08-16T03:15:09.1833893Z"},"$schema":"https://schema.management.azure.com/providers/Microsoft.Logic/schemas/2016-06-01/workflowdefinition.json#","contentVersion":"1.0.0.0","parameters":{"$connections":{"defaultValue":{},"type":"Object"},"$authentication":{"defaultValue":{},"type":"SecureObject"}},"triggers":{"manual":{"metadata":{"operationMetadataId":"f9184ef3-5076-4573-8e0c-46da59e1c1e8"},"type":"Request","kind":"Button","inputs":{"schema":{"type":"object","properties":{},"required":[]}}}},"actions":{"List_HubSites":{"runAfter":{"Initialize_variable":["Succeeded"]},"metadata":{"operationMetadataId":"977ea176-667a-4bff-aac3-a3ea69b0235c"},"type":"OpenApiConnection","inputs":{"host":{"apiId":"/providers/Microsoft.PowerApps/apis/shared_sharepointonline","connectionName":"shared_sharepointonline","operationId":"HttpRequest"},"parameters":{"dataset":"@outputs('Admin_center_URL')","parameters/method":"GET","parameters/uri":"_api/HubSites"},"authentication":{"value":"@json(decodeBase64(triggerOutputs().headers['X-MS-APIM-Tokens']))['$ConnectionKey']","type":"Raw"}}},"Apply_to_each":{"foreach":"@body('List_HubSites')?['d/results']","actions":{"Select":{"runAfter":{"List_Associate_Sites":["Succeeded"]},"metadata":{"operationMetadataId":"62bdeb6b-68f6-4253-b07a-ac1f3de682db"},"type":"Select","inputs":{"from":"@outputs('List_Associate_Sites')?['body/value']","select":{"siteId":"@item()?['siteid']","hubSiteId":"@item()?['hubsiteid']","siteUrl":"@item()?['siteurl']","name":"@item()?['{Name}']","isHubSite":"@equals(item()?['siteId'],items('Apply_to_each')?['Id'])"}}},"Compose_Previous_Value":{"runAfter":{"Extract_Associated_Sites":["Succeeded"]},"metadata":{"operationMetadataId":"29c58685-e0a0-4316-9bfd-3c72a1fc277f"},"type":"Compose","inputs":"@variables('allSites')\r\n"},"Set_variable":{"runAfter":{"Compose_Previous_Value":["Succeeded"]},"metadata":{"operationMetadataId":"0e5bfc21-c59f-4ed9-9fb9-b8e844d2372c"},"type":"SetVariable","inputs":{"name":"allSites","value":"@union(outputs('Compose_Previous_Value'),outputs('Compose_HubSite_Data'),body('Extract_Associated_Sites'))"}},"Get_HubSite_Detail":{"runAfter":{},"metadata":{"operationMetadataId":"394bb449-f010-4ff1-9a7a-94a8328cf20d"},"type":"OpenApiConnection","inputs":{"host":{"apiId":"/providers/Microsoft.PowerApps/apis/shared_sharepointonline","connectionName":"shared_sharepointonline","operationId":"HttpRequest"},"parameters":{"dataset":"@items('Apply_to_each')?['SiteUrl']","parameters/method":"GET","parameters/uri":"_api/web/HubSiteData"},"authentication":{"value":"@json(decodeBase64(triggerOutputs().headers['X-MS-APIM-Tokens']))['$ConnectionKey']","type":"Raw"}}},"List_Associate_Sites":{"runAfter":{"Compose_HubSite_Data":["Succeeded"]},"metadata":{"operationMetadataId":"09dfe832-111b-4105-bb50-d04e079a021e"},"type":"OpenApiConnection","inputs":{"host":{"apiId":"/providers/Microsoft.PowerApps/apis/shared_sharepointonline","connectionName":"shared_sharepointonline","operationId":"GetItems"},"parameters":{"dataset":"@outputs('Admin_center_URL')","table":"DO_NOT_DELETE_SPLIST_TENANTADMIN_AGGREGATED_SITECOLLECTIONS","$filter":"HubSiteId eq '@{items('Apply_to_each')?['Id']}'"},"authentication":{"value":"@json(decodeBase64(triggerOutputs().headers['X-MS-APIM-Tokens']))['$ConnectionKey']","type":"Raw"}}},"Compose_HubSite_Data":{"runAfter":{"Get_HubSite_Detail":["Succeeded"]},"metadata":{"operationMetadataId":"2e7d42f8-0fb8-4896-ac95-66033c7a2b32"},"type":"Compose","inputs":[{"siteId":"@items('Apply_to_each')?['siteid']","hubSiteId":"@json(replace(body('Get_HubSite_Detail')?['d/HubSiteData'],'\\\"','\"'))?['parentHubSiteId']","siteUrl":"@items('Apply_to_each')?['siteurl']","name":"@items('Apply_to_each')?['Title']","isHubSite":"@equals(item()?['siteId'],items('Apply_to_each')?['Id'])"}]},"Extract_Associated_Sites":{"runAfter":{"Select":["Succeeded"]},"metadata":{"operationMetadataId":"6d78a795-5df7-4e3e-b66f-d71497b2f73c"},"type":"Query","inputs":{"from":"@body('Select')","where":"@equals(item()?['isHubSite'], false)"}}},"runAfter":{"List_HubSites":["Succeeded"]},"metadata":{"operationMetadataId":"e4fd9a3e-d275-4624-8175-127115ac4076"},"type":"Foreach"},"Initialize_variable":{"runAfter":{"Admin_center_URL":["Succeeded"]},"metadata":{"operationMetadataId":"715ea175-ad3e-42df-8d54-e8a6553aa9a2"},"type":"InitializeVariable","inputs":{"variables":[{"name":"allSites","type":"array","value":[]}]}},"Create_HTML_table":{"runAfter":{"Apply_to_each":["Succeeded"]},"metadata":{"operationMetadataId":"f7bc92a1-9027-4d6d-9ad1-6854dcc5ee99"},"type":"Table","inputs":{"from":"@variables('allSites')","format":"HTML"}},"Create_CSV_table":{"runAfter":{"Create_HTML_table":["Succeeded"]},"metadata":{"operationMetadataId":"ddd8d876-63fa-40cb-9529-48daa1a44727"},"type":"Table","inputs":{"from":"@variables('allSites')","format":"CSV"}},"Create_file":{"runAfter":{"Create_CSV_table":["Succeeded"]},"metadata":{"operationMetadataId":"1926c64b-8a4a-44dd-b652-2be00c88d892"},"type":"OpenApiConnection","inputs":{"host":{"apiId":"/providers/Microsoft.PowerApps/apis/shared_onedriveforbusiness","connectionName":"shared_onedriveforbusiness","operationId":"CreateFile"},"parameters":{"folderPath":"/","name":"HubStructure.csv","body":"@body('Create_CSV_table')"},"authentication":{"value":"@json(decodeBase64(triggerOutputs().headers['X-MS-APIM-Tokens']))['$ConnectionKey']","type":"Raw"}},"runtimeConfiguration":{"contentTransfer":{"transferMode":"Chunked"}}},"Admin_center_URL":{"runAfter":{},"metadata":{"operationMetadataId":"79edfe2d-42d3-4ddb-82ae-4ac9dd24371a"},"type":"Compose","inputs":"https://contoso-admin.sharepoint.com"}}},"connectionReferences":{"shared_sharepointonline":{"connectionName":"8cc0a7ca96874d669db842c2fe40c1db","source":"Invoker","id":"/providers/Microsoft.PowerApps/apis/shared_sharepointonline","tier":"NotSpecified"},"shared_onedriveforbusiness":{"connectionName":"shared-onedriveforbu-a5125c11-f241-4800-8462-40232a211bc6","source":"Invoker","id":"/providers/Microsoft.PowerApps/apis/shared_onedriveforbusiness","tier":"NotSpecified"}},"flowFailureAlertSubscribed":false,"isManaged":false}}