{"name":"d7abb485-8f2d-4468-8779-65bae16dcbfb","id":"/providers/Microsoft.Flow/flows/d7abb485-8f2d-4468-8779-65bae16dcbfb","type":"Microsoft.Flow/flows","properties":{"apiId":"/providers/Microsoft.PowerApps/apis/shared_logicflows","displayName":"GroupBy-Ungroup","definition":{"metadata":{"workflowEntityId":null,"processAdvisorMetadata":null,"flowclientsuspensionreason":"None","flowclientsuspensiontime":null,"creator":{"id":"18841347-6623-4fb3-9694-1d411f03ae5d","type":"User","tenantId":"b5cf997a-643d-4007-a2e5-6ec9c5ab85cb"},"provisioningMethod":"FromDefinition","failureAlertSubscription":true,"clientLastModifiedTime":"2021-09-09T16:02:47.4500745Z"},"$schema":"https://schema.management.azure.com/providers/Microsoft.Logic/schemas/2016-06-01/workflowdefinition.json#","contentVersion":"1.0.0.0","parameters":{"$authentication":{"defaultValue":{},"type":"SecureObject"}},"triggers":{"manual":{"type":"Request","kind":"Button","inputs":{"schema":{"type":"object","properties":{},"required":[]}}}},"actions":{"Compose-Flatten_array":{"runAfter":{},"type":"Compose","inputs":[{"user":"AAA","department":"HR","title":"Manager"},{"user":"BBB","department":"Finance","title":"Director"},{"user":"CCC","department":"Finance","title":"Sr.Analyst"},{"user":"DDD","department":"HR","title":"Staff"}]},"Initialize_variable-Grouped_array":{"runAfter":{"Compose-Flatten_array":["Succeeded"]},"type":"InitializeVariable","inputs":{"variables":[{"name":"groupedArr","type":"array","value":[]}]}},"Scope-GroupBy":{"actions":{"Show_result":{"runAfter":{"Apply_to_each":["Succeeded"]},"type":"Compose","inputs":"@variables('groupedArr')"},"Select-department_column":{"runAfter":{},"type":"Select","inputs":{"from":"@outputs('Compose-Flatten_array')","select":{"department":"@item()?['department']"}}},"Apply_to_each":{"foreach":"@outputs('Compose-distinct_department')","actions":{"Filter_array-by_department":{"runAfter":{},"type":"Query","inputs":{"from":"@outputs('Compose-Flatten_array')","where":"@equals(item()?['department'], items('Apply_to_each')?['department'])"}},"Select-drop_department_column":{"runAfter":{"Filter_array-by_department":["Succeeded"]},"type":"Select","inputs":{"from":"@body('Filter_array-by_department')","select":{"user":"@item()?['user']","title":"@item()?['title']"}}},"Append_to_array_variable":{"runAfter":{"Select-drop_department_column":["Succeeded"]},"type":"AppendToArrayVariable","inputs":{"name":"groupedArr","value":{"department":"@{items('Apply_to_each')?['department']}","users":"@body('Select-drop_department_column')"}}}},"runAfter":{"Compose-distinct_department":["Succeeded"]},"type":"Foreach"},"Compose-distinct_department":{"runAfter":{"Select-department_column":["Succeeded"]},"type":"Compose","inputs":"@union(body('Select-department_column'),body('Select-department_column'))"}},"runAfter":{"Initialize_variable-Grouped_array":["Succeeded"]},"type":"Scope"},"Initialize_variable":{"runAfter":{"Compose-Grouped_array":["Succeeded"]},"type":"InitializeVariable","inputs":{"variables":[{"name":"flattenArr","type":"array","value":[]}]}},"Scope-Ungroup":{"actions":{"Apply_to_each_2":{"foreach":"@outputs('Compose-Grouped_array')","actions":{"Select-Create_flatten_array_of_each_department":{"runAfter":{},"type":"Select","inputs":{"from":"@items('Apply_to_each_2')?['users']","select":{"user":"@item()?['user']","title":"@item()?['title']","department":"@items('Apply_to_each_2')?['department']"}}},"Compose-tmp_output_array":{"runAfter":{"Select-Create_flatten_array_of_each_department":["Succeeded"]},"type":"Compose","inputs":"@variables('flattenArr')"},"Set_variable":{"runAfter":{"Compose-tmp_output_array":["Succeeded"]},"type":"SetVariable","inputs":{"name":"flattenArr","value":"@union(outputs('Compose-tmp_output_array'),body('Select-Create_flatten_array_of_each_department'))"}}},"runAfter":{},"type":"Foreach"},"Show_flatten_result":{"runAfter":{"Apply_to_each_2":["Succeeded"]},"type":"Compose","inputs":"@variables('flattenArr')"}},"runAfter":{"Initialize_variable":["Succeeded"]},"type":"Scope"},"Compose-Grouped_array":{"runAfter":{"Scope-GroupBy":["Succeeded"]},"type":"Compose","inputs":[{"department":"Finance","users":[{"user":"BBB","title":"Director"},{"user":"CCC","title":"Sr.Analyst"}]},{"department":"HR","users":[{"user":"AAA","title":"Manager"},{"user":"DDD","title":"Staff"}]}]}}},"connectionReferences":{},"flowFailureAlertSubscribed":false}}