{"name":"67b40481-3879-421c-8b57-62681bf7f64d","id":"/providers/Microsoft.Flow/flows/67b40481-3879-421c-8b57-62681bf7f64d","type":"Microsoft.Flow/flows","properties":{"apiId":"/providers/Microsoft.PowerApps/apis/shared_logicflows","displayName":"Wordファイル生成","definition":{"metadata":{"workflowEntityId":null,"processAdvisorMetadata":null,"flowclientsuspensionreason":"None","flowclientsuspensiontime":null,"creator":{"id":"e8c906f3-6502-422d-abfc-e1aaba7ecbeb","type":"User","tenantId":"7b4df313-4bd9-4a7a-b474-2c7021d04e57"},"provisioningMethod":"FromDefinition","failureAlertSubscription":true,"clientLastModifiedTime":"2021-08-04T15:42:38.5906857Z"},"$schema":"https://schema.management.azure.com/providers/Microsoft.Logic/schemas/2016-06-01/workflowdefinition.json#","contentVersion":"1.0.0.0","parameters":{"$connections":{"defaultValue":{},"type":"Object"},"$authentication":{"defaultValue":{},"type":"SecureObject"}},"triggers":{"manual":{"type":"Request","kind":"Button","inputs":{"schema":{"type":"object","properties":{"text":{"title":"Title","type":"string","x-ms-dynamically-added":true,"description":"Please enter your input","x-ms-content-hint":"TEXT"},"file":{"title":"Picture","type":"object","x-ms-dynamically-added":true,"description":"Please select file or image","x-ms-content-hint":"FILE","properties":{"name":{"type":"string"},"contentBytes":{"type":"string","format":"byte"}}}},"required":["text"]}}}},"actions":{"Scope_-_Replace_text_and_image":{"actions":{"Get_file_content":{"runAfter":{},"metadata":{"%252fDocs%252fSource%252fword%252fdocument.xml":"/Docs/Source/word/document.xml"},"type":"OpenApiConnection","inputs":{"host":{"apiId":"/providers/Microsoft.PowerApps/apis/shared_sharepointonline","connectionName":"shared_sharepointonline","operationId":"GetFileContent"},"parameters":{"dataset":"https://chonmage.sharepoint.com/sites/JPAUGdemo","id":"%252fDocs%252fSource%252fword%252fdocument.xml","inferContentType":true},"authentication":{"value":"@json(decodeBase64(triggerOutputs().headers['X-MS-APIM-Tokens']))['$ConnectionKey']","type":"Raw"}}},"Compose_-_replace_string":{"runAfter":{"Get_file_content":["Succeeded"]},"type":"Compose","inputs":"@replace(outputs('Get_file_content')?['body'],'Title',triggerBody()['text'])","description":"replace(outputs('Get_file_content')?['body'],'Title',triggerBody()['text'])"},"Create_file_-_overwrite_documentXml":{"runAfter":{"Compose_-_replace_string":["Succeeded"]},"type":"OpenApiConnection","inputs":{"host":{"apiId":"/providers/Microsoft.PowerApps/apis/shared_sharepointonline","connectionName":"shared_sharepointonline","operationId":"CreateFile"},"parameters":{"dataset":"https://chonmage.sharepoint.com/sites/JPAUGdemo","folderPath":"/Docs/Source/word","name":"document.xml","body":"@outputs('Compose_-_replace_string')"},"authentication":{"value":"@json(decodeBase64(triggerOutputs().headers['X-MS-APIM-Tokens']))['$ConnectionKey']","type":"Raw"}},"runtimeConfiguration":{"contentTransfer":{"transferMode":"Chunked"}}},"Create_file_-_replace_image":{"runAfter":{"Create_file_-_overwrite_documentXml":["Succeeded"]},"type":"OpenApiConnection","inputs":{"host":{"apiId":"/providers/Microsoft.PowerApps/apis/shared_sharepointonline","connectionName":"shared_sharepointonline","operationId":"CreateFile"},"parameters":{"dataset":"https://chonmage.sharepoint.com/sites/JPAUGdemo","folderPath":"/Docs/Source/word/media","name":"image1.png","body":"@triggerBody()['file']['contentBytes']"},"authentication":{"value":"@json(decodeBase64(triggerOutputs().headers['X-MS-APIM-Tokens']))['$ConnectionKey']","type":"Raw"}},"runtimeConfiguration":{"contentTransfer":{"transferMode":"Chunked"}}}},"runAfter":{},"type":"Scope"},"Scope_-_Build_Docx":{"actions":{"Compose_-_libraryPath":{"runAfter":{},"type":"Compose","inputs":"/sites/JPAUGdemo/Docs"},"Compose_-_zipFolderPath":{"runAfter":{"Compose_-_libraryPath":["Succeeded"]},"type":"Compose","inputs":"/Source"},"HTTP_RenderAsStream":{"runAfter":{"Compose_-_zipFolderPath":["Succeeded"]},"type":"OpenApiConnection","inputs":{"host":{"apiId":"/providers/Microsoft.PowerApps/apis/shared_sharepointonline","connectionName":"shared_sharepointonline","operationId":"HttpRequest"},"parameters":{"dataset":"https://chonmage.sharepoint.com/sites/JPAUGdemo","parameters/method":"POST","parameters/uri":"_api/web/GetListUsingPath(DecodedUrl=@a1)/RenderListDataAsStream?@a1=%27@{encodeUriComponent(outputs('Compose_-_libraryPath'))}%27&RootFolder=@{encodeUriComponent(concat(outputs('Compose_-_libraryPath'), outputs('Compose_-_zipFolderPath')))}","parameters/body":"{\"parameters\": {\"RenderOptions\": 4103}}"},"authentication":{"value":"@json(decodeBase64(triggerOutputs().headers['X-MS-APIM-Tokens']))['$ConnectionKey']","type":"Raw"}}},"Select":{"runAfter":{"HTTP_RenderAsStream":["Succeeded"]},"type":"Select","inputs":{"from":"@outputs('HTTP_RenderAsStream')?['body']?['ListData']?['Row']","select":{"name":"@item()['FileLeafRef']","size":"@item()['SMTotalSize']","docId":"@concat(item()['.spItemUrl'],'&',outputs('HTTP_RenderAsStream')?['body']?['ListSchema']?['.driveAccessToken'])","isFolder":"@if(equals(item()['FSObjType'],'1'), true, false)"}}},"Compose_-_AttachmentItems":{"runAfter":{"Select":["Succeeded"]},"type":"Compose","inputs":{"items":"@body('Select')"}},"DownloadZip":{"runAfter":{"Compose_-_AttachmentItems":["Succeeded"]},"type":"OpenApiConnection","inputs":{"host":{"apiId":"/providers/Microsoft.PowerApps/apis/shared_sharepointonline","connectionName":"shared_sharepointonline","operationId":"HttpRequest"},"parameters":{"dataset":"@outputs('HTTP_RenderAsStream')?['body']?['ListSchema']?['.mediaBaseUrl']","parameters/method":"POST","parameters/uri":"/transform/zip?cs=@{outputs('HTTP_RenderAsStream')?['body']?['ListSchema']?['.callerStack']}","parameters/headers":{"Content-Type":"application/x-www-form-urlencoded"},"parameters/body":"zipFileName=test.zip&guid=@{guid()}&provider=spo&files=@{encodeUriComponent(outputs('Compose_-_AttachmentItems'))}&oAuthToken="},"authentication":{"value":"@json(decodeBase64(triggerOutputs().headers['X-MS-APIM-Tokens']))['$ConnectionKey']","type":"Raw"}}},"Create_file":{"runAfter":{"DownloadZip":["Succeeded"]},"type":"OpenApiConnection","inputs":{"host":{"apiId":"/providers/Microsoft.PowerApps/apis/shared_sharepointonline","connectionName":"shared_sharepointonline","operationId":"CreateFile"},"parameters":{"dataset":"https://chonmage.sharepoint.com/sites/JPAUGdemo","folderPath":"/Docs/Output","name":"test.docx","body":"@outputs('DownloadZip')?['body']"},"authentication":{"value":"@json(decodeBase64(triggerOutputs().headers['X-MS-APIM-Tokens']))['$ConnectionKey']","type":"Raw"}},"runtimeConfiguration":{"contentTransfer":{"transferMode":"Chunked"}}}},"runAfter":{"Scope_-_Replace_text_and_image":["Succeeded"]},"type":"Scope"}}},"connectionReferences":{"shared_sharepointonline":{"connectionName":"5b164e0da13c4409a5f536028163874d","source":"Invoker","id":"/providers/Microsoft.PowerApps/apis/shared_sharepointonline","tier":"NotSpecified"}},"flowFailureAlertSubscribed":false}}