{"name":"827d67ab-f837-49e0-9131-0c06af41ebdf","id":"/providers/Microsoft.Flow/flows/827d67ab-f837-49e0-9131-0c06af41ebdf","type":"Microsoft.Flow/flows","properties":{"apiId":"/providers/Microsoft.PowerApps/apis/shared_logicflows","displayName":"N件アイテム生成","definition":{"metadata":{"workflowEntityId":null,"flowclientsuspensionreason":"None","flowclientsuspensiontime":null,"creator":{"id":"e8c906f3-6502-422d-abfc-e1aaba7ecbeb","type":"User","tenantId":"7b4df313-4bd9-4a7a-b474-2c7021d04e57"},"provisioningMethod":"FromDefinition","failureAlertSubscription":true,"clientLastModifiedTime":"2020-10-19T04:50:09.3810043Z"},"$schema":"https://schema.management.azure.com/providers/Microsoft.Logic/schemas/2016-06-01/workflowdefinition.json#","contentVersion":"1.0.0.0","parameters":{"$connections":{"defaultValue":{},"type":"Object"},"$authentication":{"defaultValue":{},"type":"SecureObject"}},"triggers":{"manual":{"type":"Request","kind":"Button","inputs":{"schema":{"type":"object","properties":{"number":{"title":"Item number","type":"number","x-ms-dynamically-added":true,"description":"作成するアイテム数","x-ms-content-hint":"NUMBER"},"text":{"title":"Site address","type":"string","x-ms-dynamically-added":true,"description":"サイトアドレス(最後のスラッシュなし)","x-ms-content-hint":"TEXT"},"text_1":{"title":"List Title","type":"string","x-ms-dynamically-added":true,"description":"リストタイトル","x-ms-content-hint":"TEXT"}},"required":["number","text","text_1"]}}}},"actions":{"Condition":{"actions":{"Loop回数セット1":{"runAfter":{},"type":"SetVariable","inputs":{"name":"loop max","value":"@int(split(string(div(triggerBody()['number'],500)),'.')?[0])"}}},"runAfter":{"リクエスト共通部分の初期化":["Succeeded"]},"else":{"actions":{"Loop回数セット2":{"runAfter":{},"type":"SetVariable","inputs":{"name":"loop max","value":"@add(int(split(string(div(triggerBody()['number'],500)),'.')?[0]),1)"}}}},"expression":{"equals":["@mod(triggerBody()['number'],500)",0]},"type":"If"},"Loop回数の初期化":{"runAfter":{"Host":["Succeeded"]},"type":"InitializeVariable","inputs":{"variables":[{"name":"loop max","type":"integer","value":1}]}},"Apply_to_each":{"foreach":"@range(0,variables('loop max'))","actions":{"Filter_array":{"runAfter":{},"type":"Query","inputs":{"from":"@range(mul(item(),500),500)","where":"@less(item(), triggerBody()['number'])"}},"Select":{"runAfter":{"リクエスト共通部分の設定":["Succeeded"]},"type":"Select","inputs":{"from":"@body('Filter_array')","select":"@concat(variables('CommonPart'),decodeUriComponent('%0A'),concat('{\"Title\":\"Item_',add(item(),1),'\"}'))"}},"BatchIDの設定":{"runAfter":{"Filter_array":["Succeeded"]},"type":"SetVariable","inputs":{"name":"BatchID","value":"@{guid()}"}},"ChangesetIDの設定":{"runAfter":{"BatchIDの設定":["Succeeded"]},"type":"SetVariable","inputs":{"name":"ChangesetID","value":"@{guid()}"}},"リクエスト共通部分の設定":{"runAfter":{"ChangesetIDの設定":["Succeeded"]},"type":"SetVariable","inputs":{"name":"CommonPart","value":"\n--changeset_@{variables('ChangesetID')}\nContent-Type: application/http\nContent-Transfer-Encoding: binary\n\nPOST @{triggerBody()['text']}/_api/web/lists/getbytitle('@{triggerBody()['text_1']}')/items HTTP/1.1\nContent-Type: application/json;odata=nometadata\n\n"}},"Send_an_HTTP_request_to_SharePoint":{"runAfter":{"Select":["Succeeded"]},"type":"OpenApiConnection","inputs":{"host":{"apiId":"/providers/Microsoft.PowerApps/apis/shared_sharepointonline","connectionName":"shared_sharepointonline","operationId":"HttpRequest"},"parameters":{"dataset":"@triggerBody()['text']","parameters/method":"POST","parameters/uri":"_api/$batch","parameters/headers":{"Content-Type":"multipart/mixed;boundary=batch_@{variables('BatchID')}","Expect":"100-continue"},"parameters/body":"--batch_@{variables('BatchID')}\nContent-Type: multipart/mixed; boundary=\"changeset_@{variables('ChangesetID')}\"\nHost: @{outputs('Host')}\nContent-Transfer-Encoding: binary\n\n@{join(body('Select'),decodeUriComponent('%0A'))}\n\n--changeset_@{variables('ChangesetID')}--\n--batch_@{variables('BatchID')}--"},"authentication":{"value":"@json(decodeBase64(triggerOutputs().headers['X-MS-APIM-Tokens']))['$ConnectionKey']","type":"Raw"}}}},"runAfter":{"Condition":["Succeeded"]},"type":"Foreach"},"BatchIDの初期化":{"runAfter":{"Loop回数の初期化":["Succeeded"]},"type":"InitializeVariable","inputs":{"variables":[{"name":"BatchID","type":"string"}]}},"ChangeSetIDの初期化":{"runAfter":{"BatchIDの初期化":["Succeeded"]},"type":"InitializeVariable","inputs":{"variables":[{"name":"ChangesetID","type":"string"}]}},"リクエスト共通部分の初期化":{"runAfter":{"ChangeSetIDの初期化":["Succeeded"]},"type":"InitializeVariable","inputs":{"variables":[{"name":"CommonPart","type":"string"}]}},"Host":{"runAfter":{},"type":"Compose","inputs":"@concat(split(triggerBody()['text'],'sharepoint.com')?[0],'sharepoint.com')"}}},"connectionReferences":{"shared_sharepointonline":{"connectionName":"8cc0a7ca96874d669db842c2fe40c1db","source":"Invoker","id":"/providers/Microsoft.PowerApps/apis/shared_sharepointonline","tier":"NotSpecified"}},"flowFailureAlertSubscribed":false}}