{"name":"d910206b-f85e-4fc1-8d6e-28873b7c196b","id":"/providers/Microsoft.Flow/flows/d910206b-f85e-4fc1-8d6e-28873b7c196b","type":"Microsoft.Flow/flows","properties":{"apiId":"/providers/Microsoft.PowerApps/apis/shared_logicflows","displayName":"Post message with Tag Mention","definition":{"metadata":{"workflowEntityId":null,"processAdvisorMetadata":null,"flowclientsuspensionreason":"None","flowclientsuspensiontime":null,"creator":{"id":"e8c906f3-6502-422d-abfc-e1aaba7ecbeb","type":"User","tenantId":"7b4df313-4bd9-4a7a-b474-2c7021d04e57"},"provisioningMethod":"FromDefinition","failureAlertSubscription":true,"clientLastModifiedTime":"2021-10-12T15:19:32.1162891Z"},"$schema":"https://schema.management.azure.com/providers/Microsoft.Logic/schemas/2016-06-01/workflowdefinition.json#","contentVersion":"1.0.0.0","parameters":{"$connections":{"defaultValue":{},"type":"Object"},"$authentication":{"defaultValue":{},"type":"SecureObject"}},"triggers":{"manual":{"type":"Request","kind":"Button","inputs":{"schema":{"type":"object","properties":{},"required":[]}}}},"actions":{"Send_an_HTTP_request_to_SharePoint":{"runAfter":{"Compose-Default_Channel_ID":["Succeeded"]},"type":"OpenApiConnection","inputs":{"host":{"apiId":"/providers/Microsoft.PowerApps/apis/shared_sharepointonline","connectionName":"shared_sharepointonline","operationId":"HttpRequest"},"parameters":{"dataset":"https://teams.microsoft.com","parameters/method":"GET","parameters/uri":"api/csa/api/v1/teams/@{outputs('Compose-Default_Channel_ID')}/tagCards?tagType=any"},"authentication":{"value":"@json(decodeBase64(triggerOutputs().headers['X-MS-APIM-Tokens']))['$ConnectionKey']","type":"Raw"}}},"Compose-Default_Channel_ID":{"runAfter":{},"type":"Compose","inputs":"19:3903a470ee82453d9ace97f7ea732a66@thread.tacv2"},"Compose-TeamID":{"runAfter":{"Compose-TenantID":["Succeeded"]},"type":"Compose","inputs":"6e2ab363-8cf4-4e94-ae20-e4a105a74ae4"},"Compose-ChannelID":{"runAfter":{"Compose-TeamID":["Succeeded"]},"type":"Compose","inputs":"19:13f87d808bbe4b40bbda1fb70c287c6e@thread.tacv2"},"Compose-TenantID":{"runAfter":{"Send_an_HTTP_request_to_SharePoint":["Succeeded"]},"type":"Compose","inputs":"7b4df313-4bd9-4a7a-b474-2c7021d04e32"},"Compose-TagID":{"runAfter":{"Compose-rTabID":["Succeeded"]},"type":"Compose","inputs":"@base64(concat(outputs('Compose-TenantID'),'##',outputs('Compose-TeamID'),'##',outputs('Compose-rTabID')))","description":"base64(concat(outputs('Compose-TenantID'),'##',outputs('Compose-TeamID'),'##',outputs('Compose-rTabID')))"},"Send_an_HTTP_request":{"runAfter":{"Compose-TagID":["Succeeded"]},"type":"OpenApiConnection","inputs":{"host":{"apiId":"/providers/Microsoft.PowerApps/apis/shared_office365groups","connectionName":"shared_office365groups","operationId":"HttpRequest"},"parameters":{"Uri":"https://graph.microsoft.com/v1.0/teams/@{outputs('Compose-TeamID')}/channels/@{outputs('Compose-ChannelID')}/messages","Method":"POST","Body":"{\n    \"body\": {\n        \"content\": \"Graph Messages Endpoint <br> This works for any scenario: <br><at id=\\\"0\\\">@{outputs('Compose-tagName')}</at>\",\n        \"contentType\": \"html\"\n    },\n    \"mentions\": [\n        {\n            \"id\": 0,\n            \"mentionText\": \"@{outputs('Compose-tagName')}\",\n            \"mentioned\": {\n                \"tag\": {\n                    \"id\": \"@{outputs('Compose-TagID')}\",\n                    \"displayName\": \"@{outputs('Compose-tagName')}\"\n                }\n            }\n        }\n    ]\n}","ContentType":"application/json"},"authentication":{"value":"@json(decodeBase64(triggerOutputs().headers['X-MS-APIM-Tokens']))['$ConnectionKey']","type":"Raw"}}},"Compose-rTabID":{"runAfter":{"Filter_array":["Succeeded"]},"type":"Compose","inputs":"@first(body('Filter_array'))?['tagId']","description":"first(body('Filter_array'))?['tagId']"},"Filter_array":{"runAfter":{"Compose-tagName":["Succeeded"]},"type":"Query","inputs":{"from":"@outputs('Send_an_HTTP_request_to_SharePoint')?['body']?['tagCards']","where":"@equals(item()?['tagName'], outputs('Compose-tagName'))"},"description":"From : outputs('Send_an_HTTP_request_to_SharePoint')?['body']?['tagCards']"},"Compose-tagName":{"runAfter":{"Compose-ChannelID":["Succeeded"]},"type":"Compose","inputs":"Test Tag","description":"Given Tag Name"}}},"connectionReferences":{"shared_sharepointonline":{"connectionName":"5b164e0da13c4409a5f536028163874d","source":"Invoker","id":"/providers/Microsoft.PowerApps/apis/shared_sharepointonline","tier":"NotSpecified"},"shared_office365groups":{"connectionName":"shared-office365grou-e1947b0b-59f9-4881-a005-3c182cdf9b8e","source":"Invoker","id":"/providers/Microsoft.PowerApps/apis/shared_office365groups","tier":"NotSpecified"}},"flowFailureAlertSubscribed":false}}