{"name":"da5c2523-893b-4bd0-b5d8-ea717ef6ed7d","id":"/providers/Microsoft.Flow/flows/da5c2523-893b-4bd0-b5d8-ea717ef6ed7d","type":"Microsoft.Flow/flows","properties":{"apiId":"/providers/Microsoft.PowerApps/apis/shared_logicflows","displayName":"Create List and Add items  based on CSV file","definition":{"metadata":{"workflowEntityId":null,"flowclientsuspensionreason":"None","flowclientsuspensiontime":null,"creator":{"id":"e8c906f3-6502-422d-abfc-e1aaba7ecbeb","type":"User","tenantId":"7b4df313-4bd9-4a7a-b474-2c7021d04e57"},"provisioningMethod":"FromDefinition","failureAlertSubscription":true,"clientLastModifiedTime":"2020-10-13T15:24:17.9176892Z"},"$schema":"https://schema.management.azure.com/providers/Microsoft.Logic/schemas/2016-06-01/workflowdefinition.json#","contentVersion":"1.0.0.0","parameters":{"$connections":{"defaultValue":{},"type":"Object"},"$authentication":{"defaultValue":{},"type":"SecureObject"}},"triggers":{"manual":{"type":"Request","kind":"Button","inputs":{"schema":{"type":"object","properties":{},"required":[]}}}},"actions":{"Define_New_Line":{"runAfter":{"ListName":["Succeeded"]},"type":"Compose","inputs":"@decodeUriComponent('%0A')","description":"LF = %0A"},"csvJsonArray":{"runAfter":{"Apply_to_each":["Succeeded"]},"type":"Compose","inputs":"@outputs('Compose_3')","description":"Pieter's Method。ループ内のComposeの結果をComposeするとなんと配列になる！"},"Initialize_variable":{"runAfter":{"Define_New_Line":["Succeeded"]},"type":"InitializeVariable","inputs":{"variables":[{"name":"InputCSV","type":"String","value":"permalink,company,numEmps,category,city,state,fundedDate,raisedAmt,raisedCurrency,round\nlifelock,LifeLock,,web,Tempe,AZ,1-May-07,6850000,USD,b\nlifelock,LifeLock,,web,Tempe,AZ,1-Oct-06,6000000,USD,a\nlifelock,LifeLock,,web,Tempe,AZ,1-Jan-08,25000000,USD,c\nmycityfaces,MyCityFaces,7,web,Scottsdale,AZ,1-Jan-08,50000,USD,seed\nflypaper,Flypaper,,web,Phoenix,AZ,1-Feb-08,3000000,USD,a\ninfusionsoft,Infusionsoft,105,software,Gilbert,AZ,1-Oct-07,9000000,USD,a\ngauto,gAuto,4,web,Scottsdale,AZ,1-Jan-08,250000,USD,seed\nchosenlist-com,ChosenList.com,5,web,Scottsdale,AZ,1-Oct-06,140000,USD,seed\nchosenlist-com,ChosenList.com,5,web,Scottsdale,AZ,25-Jan-08,233750,USD,angel\ndigg,Digg,60,web,San Francisco,CA,1-Dec-06,8500000,USD,b\ndigg,Digg,60,web,San Francisco,CA,1-Oct-05,2800000,USD,a\nfacebook,Facebook,450,web,Palo Alto,CA,1-Sep-04,500000,USD,angel\nfacebook,Facebook,450,web,Palo Alto,CA,1-May-05,12700000,USD,a\nfacebook,Facebook,450,web,Palo Alto,CA,1-Apr-06,27500000,USD,b\nfacebook,Facebook,450,web,Palo Alto,CA,1-Oct-07,300000000,USD,c\nfacebook,Facebook,450,web,Palo Alto,CA,1-Mar-08,40000000,USD,c\nfacebook,Facebook,450,web,Palo Alto,CA,15-Jan-08,15000000,USD,c\nfacebook,Facebook,450,web,Palo Alto,CA,1-May-08,100000000,USD,debt_round\nphotobucket,Photobucket,60,web,Palo Alto,CA,1-May-06,10500000,USD,b\nphotobucket,Photobucket,60,web,Palo Alto,CA,1-Mar-05,3000000,USD,a\nomnidrive,Omnidrive,,web,Palo Alto,CA,1-Dec-06,800000,USD,angel\ngeni,Geni,18,web,West Hollywood,CA,1-Jan-07,1500000,USD,a\ngeni,Geni,18,web,West Hollywood,CA,1-Mar-07,10000000,USD,b\ntwitter,Twitter,17,web,San Francisco,CA,1-Jul-07,5400000,USD,b\ntwitter,Twitter,17,web,San Francisco,CA,1-May-08,15000000,USD,c\nstumbleupon,StumbleUpon,,web,San Francisco,CA,1-Dec-05,1500000,USD,seed"}]},"description":"Sample CSV content"},"ListName":{"runAfter":{},"type":"Compose","inputs":"CSVList"},"Create_List":{"runAfter":{"csvJsonArray":["Succeeded"]},"type":"OpenApiConnection","inputs":{"host":{"apiId":"/providers/Microsoft.PowerApps/apis/shared_sharepointonline","connectionName":"shared_sharepointonline","operationId":"HttpRequest"},"parameters":{"dataset":"https://chonmage.sharepoint.com/sites/AutomateSandbox","parameters/method":"POST","parameters/uri":"_api/web/lists","parameters/headers":{"Accept":"application/json;odata=verbose","Content-Type":"application/json"},"parameters/body":"{\n\"AllowContentTypes\": true,\n  \"BaseTemplate\": 100,\n \"ContentTypesEnabled\": true,\n \"Description\": \"My list description\",\n \"Title\": \"@{outputs('ListName')}\"\n}"},"authentication":{"value":"@json(decodeBase64(triggerOutputs().headers['X-MS-APIM-Tokens']))['$ConnectionKey']","type":"Raw"}}},"Apply_to_each":{"foreach":"@range(1,sub(length(outputs('Compose')),1))","actions":{"Select":{"runAfter":{},"type":"Select","inputs":{"from":"@range(0,length(outputs('Header')))","select":"@concat('\"',outputs('Header')?[item()],'\":\"',split(outputs('Compose')?[items('Apply_to_each')],',')?[item()],'\"')"},"description":"各行をカンマでSplitして、ヘッダーと合わせてSelect。Fromは列の数だけの整数配列"},"Compose_3":{"runAfter":{"Select":["Succeeded"]},"type":"Compose","inputs":"@json(concat('{',join(body('Select'),','),'}'))","description":"Pieter's method。Selectの結果をjoinしてjson化する"}},"runAfter":{"Header0":["Succeeded"]},"type":"Foreach","description":"改行で分割した結果の1番目から最後までをApply to each","runtimeConfiguration":{"concurrency":{"repetitions":50}}},"Compose":{"runAfter":{"Initialize_variable":["Succeeded"]},"type":"Compose","inputs":"@split(variables('InputCSV'),outputs('Define_New_Line'))","description":"Split CSV content by new line"},"Header":{"runAfter":{"Compose":["Succeeded"]},"type":"Compose","inputs":"@union(array('Title'),skip(split(outputs('Compose')?[0],','),1))","description":"Define Headers by splitting 1st row by comma and rename first column as Title"},"Get_List_Fields":{"runAfter":{"Create_List":["Succeeded"]},"type":"OpenApiConnection","inputs":{"host":{"apiId":"/providers/Microsoft.PowerApps/apis/shared_sharepointonline","connectionName":"shared_sharepointonline","operationId":"HttpRequest"},"parameters":{"dataset":"https://chonmage.sharepoint.com/sites/AutomateSandbox","parameters/method":"GET","parameters/uri":"_api/web/lists/getbytitle('@{outputs('ListName')}')/Fields","parameters/headers":{"Accept":"application/json;odata=verbose"}},"authentication":{"value":"@json(decodeBase64(triggerOutputs().headers['X-MS-APIM-Tokens']))['$ConnectionKey']","type":"Raw"}}},"Filter_array":{"runAfter":{"Get_List_Fields":["Succeeded"]},"type":"Query","inputs":{"from":"@outputs('Get_List_Fields')?['body']?['d']?['results']","where":"@equals(item()?['StaticName'], 'Title')"}},"Rename_Title_field":{"runAfter":{"Filter_array":["Succeeded"]},"type":"OpenApiConnection","inputs":{"host":{"apiId":"/providers/Microsoft.PowerApps/apis/shared_sharepointonline","connectionName":"shared_sharepointonline","operationId":"HttpRequest"},"parameters":{"dataset":"https://chonmage.sharepoint.com/sites/AutomateSandbox","parameters/method":"PATCH","parameters/uri":"_api/web/lists/getbytitle('@{outputs('ListName')}')/Fields(guid'@{first(body('Filter_array'))?['Id']}')","parameters/headers":{"Accept":"application/json;odata=verbose","Content-Type":"application/json"},"parameters/body":"{\n \"Title\": \"@{outputs('Header0')}\"\n}"},"authentication":{"value":"@json(decodeBase64(triggerOutputs().headers['X-MS-APIM-Tokens']))['$ConnectionKey']","type":"Raw"}}},"Apply_to_each_2":{"foreach":"@skip(outputs('Header'),1)","actions":{"Create_Fields":{"runAfter":{},"type":"OpenApiConnection","inputs":{"host":{"apiId":"/providers/Microsoft.PowerApps/apis/shared_sharepointonline","connectionName":"shared_sharepointonline","operationId":"HttpRequest"},"parameters":{"dataset":"https://chonmage.sharepoint.com/sites/AutomateSandbox","parameters/method":"POST","parameters/uri":"_api/web/lists/getbytitle('@{outputs('ListName')}')/Fields","parameters/headers":{"Accept":"application/json;odata=verbose","Content-Type":"application/json"},"parameters/body":"{\"Title\":\"@{item()}\",\n\"FieldTypeKind\":2,\n\"Required\":\"false\",\n\"EnforceUniqueValues\":\"false\",\n\"StaticName\":\"@{item()}\"\n}"},"authentication":{"value":"@json(decodeBase64(triggerOutputs().headers['X-MS-APIM-Tokens']))['$ConnectionKey']","type":"Raw"}}},"Add_Field_to_default_view":{"runAfter":{"Create_Fields":["Succeeded"]},"type":"OpenApiConnection","inputs":{"host":{"apiId":"/providers/Microsoft.PowerApps/apis/shared_sharepointonline","connectionName":"shared_sharepointonline","operationId":"HttpRequest"},"parameters":{"dataset":"https://chonmage.sharepoint.com/sites/AutomateSandbox","parameters/method":"POST","parameters/uri":"_api/web/lists/GetByTitle('@{outputs('ListName')}')/Views/GetByTitle('All%20Items')/ViewFields/addViewField('@{item()}')"},"authentication":{"value":"@json(decodeBase64(triggerOutputs().headers['X-MS-APIM-Tokens']))['$ConnectionKey']","type":"Raw"}}}},"runAfter":{"Rename_Title_field":["Succeeded"]},"type":"Foreach"},"Apply_to_each_3":{"foreach":"@outputs('csvJsonArray')","actions":{"Send_an_HTTP_request_to_SharePoint":{"runAfter":{},"type":"OpenApiConnection","inputs":{"host":{"apiId":"/providers/Microsoft.PowerApps/apis/shared_sharepointonline","connectionName":"shared_sharepointonline","operationId":"HttpRequest"},"parameters":{"dataset":"https://chonmage.sharepoint.com/sites/AutomateSandbox","parameters/method":"POST","parameters/uri":"_api/web/lists/getbytitle('@{outputs('ListName')}')/items","parameters/headers":{"Accept":"application/json;odata=verbose","Content-Type":"application/json"},"parameters/body":"@item()"},"authentication":{"value":"@json(decodeBase64(triggerOutputs().headers['X-MS-APIM-Tokens']))['$ConnectionKey']","type":"Raw"}}}},"runAfter":{"Apply_to_each_2":["Succeeded"]},"type":"Foreach"},"Header0":{"runAfter":{"Header":["Succeeded"]},"type":"Compose","inputs":"@split(outputs('Compose')?[0],',')?[0]"}}},"connectionReferences":{"shared_sharepointonline":{"connectionName":"8cc0a7ca96874d669db842c2fe40c1db","source":"Invoker","id":"/providers/Microsoft.PowerApps/apis/shared_sharepointonline","tier":"NotSpecified"}},"flowFailureAlertSubscribed":false}}