{"name":"a8d2ff67-838b-45ef-9c4c-9ee8a88dd593","id":"/providers/Microsoft.Flow/flows/a8d2ff67-838b-45ef-9c4c-9ee8a88dd593","type":"Microsoft.Flow/flows","properties":{"apiId":"/providers/Microsoft.PowerApps/apis/shared_logicflows","displayName":"Anti-JOIN","definition":{"metadata":{"workflowEntityId":null,"flowclientsuspensionreason":"None","flowclientsuspensiontime":null,"creator":{"id":"18841347-6623-4fb3-9694-1d411f03ae5d","type":"User","tenantId":"b5cf997a-643d-4007-a2e5-6ec9c5ab85cb"},"provisioningMethod":"FromDefinition","failureAlertSubscription":true,"clientLastModifiedTime":"2020-10-25T00:59:19.2238074Z"},"$schema":"https://schema.management.azure.com/providers/Microsoft.Logic/schemas/2016-06-01/workflowdefinition.json#","contentVersion":"1.0.0.0","parameters":{"$authentication":{"defaultValue":{},"type":"SecureObject"}},"triggers":{"manual":{"type":"Request","kind":"Button","inputs":{"schema":{"type":"object","properties":{},"required":[]}}}},"actions":{"ComputerList":{"runAfter":{},"type":"Compose","inputs":[{"ComputerID":"comp111","User":"hiroaki@xxxxx"},{"ComputerID":"comp112","User":"test@xxx"},{"ComputerID":"comp113","User":"test2@xxx"},{"ComputerID":"comp114","User":"test3@xxx"},{"ComputerID":"comp115","User":"test4@xxx"}]},"LogList":{"runAfter":{"ComputerList":["Succeeded"]},"type":"Compose","inputs":[{"ComputerID":"comp111","LogDate":"11/03/2020  11:16:46","LogText":"The description for Event ID 0 from source edgeupdate cannot be found."},{"ComputerID":"comp111","LogDate":"11/03/2020  11:32:46","LogText":"The description for Event ID 0 from source edgeupdate cannot be found."},{"ComputerID":"comp113","LogDate":"11/03/2020  11:16:46","LogText":"The description for Event ID 0 from source edgeupdate cannot be found."},{"ComputerID":"comp113","LogDate":"11/03/2020  11:32:46","LogText":"The description for Event ID 0 from source edgeupdate cannot be found."},{"ComputerID":"comp115","LogDate":"11/03/2020  11:16:46","LogText":"The description for Event ID 0 from source edgeupdate cannot be found."},{"ComputerID":"comp115","LogDate":"11/03/2020  11:32:46","LogText":"The description for Event ID 0 from source edgeupdate cannot be found."},{"ComputerID":"comp116","LogDate":"11/03/2020  11:16:46","LogText":"The description for Event ID 0 from source edgeupdate cannot be found."}]},"Select_-ComputerID":{"runAfter":{"LogList":["Succeeded"]},"type":"Select","inputs":{"from":"@outputs('LogList')","select":"@item()?['ComputerID']"}},"Filter_array":{"runAfter":{"Select_-ComputerID":["Succeeded"]},"type":"Query","inputs":{"from":"@outputs('ComputerList')","where":"@not(contains(body('Select_-ComputerID'), item()?['ComputerID']))"},"description":"not(contains(body('Select_-ComputerID'), item()?['ComputerID']))"},"Create_HTML_table_3":{"runAfter":{"Filter_array":["Succeeded"]},"type":"Table","inputs":{"from":"@body('Filter_array')","format":"HTML"}}}},"connectionReferences":{},"flowFailureAlertSubscribed":false}}