{"name":"b3132e99-3e4c-4043-8bb0-99233c0c449a","id":"/providers/Microsoft.Flow/flows/b3132e99-3e4c-4043-8bb0-99233c0c449a","type":"Microsoft.Flow/flows","properties":{"apiId":"/providers/Microsoft.PowerApps/apis/shared_logicflows","displayName":"SampleFlow-MergeTwoArrays","definition":{"metadata":{"workflowEntityId":null,"processAdvisorMetadata":null,"flowclientsuspensionreason":"None","flowclientsuspensiontime":null,"flowclientsuspensionreasondetails":null,"creator":{"id":"18841347-6623-4fb3-9694-1d411f03ae5d","type":"User","tenantId":"b5cf997a-643d-4007-a2e5-6ec9c5ab85cb"},"provisioningMethod":"FromDefinition","failureAlertSubscription":true,"clientLastModifiedTime":"2023-01-12T08:14:18.0499363Z"},"$schema":"https://schema.management.azure.com/providers/Microsoft.Logic/schemas/2016-06-01/workflowdefinition.json#","contentVersion":"1.0.0.0","parameters":{"$authentication":{"defaultValue":{},"type":"SecureObject"}},"triggers":{"manual":{"metadata":{"operationMetadataId":"9e7f87dc-e876-406b-8d57-e5c08041ee44"},"type":"Request","kind":"Button","inputs":{"schema":{"type":"object","properties":{},"required":[]}}}},"actions":{"SPData":{"runAfter":{},"metadata":{"operationMetadataId":"f4cfe0a3-7e81-4a7f-af37-4f6fb246ef2d"},"type":"Compose","inputs":[{"ID":1,"Title":"894100012104","Store":"0"},{"ID":2,"Title":"894181212104","Store":"0"},{"ID":4,"Title":"894181212926","Store":"0"}]},"PBIData":{"runAfter":{"SPData":["Succeeded"]},"metadata":{"operationMetadataId":"44421ab6-c2e4-4d8b-97d1-441e07061fc1"},"type":"Compose","inputs":[{"Title":"894100012104","Store":"165","TTLINV":"0","DUEIN30":"8"},{"Title":"894181212104","Store":"164","TTLINV":"1","DUEIN30":"2"},{"Title":"894181212926","Store":"167","TTLINV":"4","DUEIN30":"10"}]},"DropColumn-SPData":{"runAfter":{"PBIData":["Succeeded"]},"metadata":{"operationMetadataId":"edcd4256-e4d5-466e-9a5d-e28992494064"},"type":"Select","inputs":{"from":"@outputs('SPData')","select":{"ID":"@item()?['ID']","Title":"@item()?['Title']"}}},"PrepareArray-PBI":{"runAfter":{"DropColumn-SPData":["Succeeded"]},"metadata":{"operationMetadataId":"b22f2ca1-dd11-4755-9a8e-8fa673548078"},"type":"Compose","inputs":{"root":{"array":"@outputs('PBIData')"}}},"XML":{"runAfter":{"PrepareArray-PBI":["Succeeded"]},"metadata":{"operationMetadataId":"ebd62fc7-1680-4b02-9f9b-bdc0a039ce15"},"type":"Compose","inputs":"@xml(outputs('PrepareArray-PBI'))"},"Select":{"runAfter":{"XML":["Succeeded"]},"metadata":{"operationMetadataId":"b5365c98-d24e-4949-8646-38e41ba6d08e"},"type":"Select","inputs":{"from":"@body('DropColumn-SPData')","select":{"ID":"@item()?['ID']","Title":"@item()?['Title']","Store":"@xpath(outputs('XML'),concat('//array[Title/text()=\"', item()['Title'], '\"]/Store/text()'))?[0]","TTLINV":"@xpath(outputs('XML'),concat('//array[Title/text()=\"', item()['Title'], '\"]/TTLINV/text()'))?[0]","DUEIN30":"@xpath(outputs('XML'),concat('//array[Title/text()=\"', item()['Title'], '\"]/DUEIN30/text()'))?[0]"}}}},"outputs":{}},"connectionReferences":{},"flowFailureAlertSubscribed":false,"isManaged":false}}