{"name":"d700c271-00fe-477d-b536-3d63920876ca","id":"/providers/Microsoft.Flow/flows/d700c271-00fe-477d-b536-3d63920876ca","type":"Microsoft.Flow/flows","properties":{"apiId":"/providers/Microsoft.PowerApps/apis/shared_logicflows","displayName":"Expand nested array sample","definition":{"metadata":{"workflowEntityId":null,"processAdvisorMetadata":null,"flowclientsuspensionreason":"None","flowclientsuspensiontime":null,"creator":{"id":"7fb64b61-3403-4e72-8022-462d7e84ea5e","type":"User","tenantId":"64e5ad32-cb04-44df-8896-bed5d7792429"},"provisioningMethod":"FromDefinition","failureAlertSubscription":true,"clientLastModifiedTime":"2021-11-12T06:28:44.2843868Z"},"$schema":"https://schema.management.azure.com/providers/Microsoft.Logic/schemas/2016-06-01/workflowdefinition.json#","contentVersion":"1.0.0.0","parameters":{"$authentication":{"defaultValue":{},"type":"SecureObject"}},"triggers":{"manual":{"metadata":{"operationMetadataId":"e5b1e477-41bb-4a06-a66a-da6cd9c698c3"},"type":"Request","kind":"Button","inputs":{"schema":{"type":"object","properties":{},"required":[]}}}},"actions":{"define_nested_array":{"runAfter":{},"metadata":{"operationMetadataId":"a0d7c886-01a3-4ef2-9462-2aefb0cd81d2"},"type":"Compose","inputs":[{"title":"item1","AssignTo":[{"Email":"user1@example.com","Name":"User1"},{"Email":"user2@example.com","Name":"User2"}]},{"title":"item2","AssignTo":[{"Email":"user3@example.com","Name":"User3"}]},{"title":"item3","AssignTo":[{"Email":"user1@example.com","Name":"User1"},{"Email":"user3@example.com","Name":"User3"},{"Email":"user4@example.com","Name":"User4"}]}]},"Initialize_variable":{"runAfter":{"define_nested_array":["Succeeded"]},"metadata":{"operationMetadataId":"a10eca2d-b8ea-4445-9104-d9dc12831fc6"},"type":"InitializeVariable","inputs":{"variables":[{"name":"expandedArray","type":"array","value":[]}]}},"Apply_to_each":{"foreach":"@outputs('define_nested_array')","actions":{"Apply_to_each_2":{"foreach":"@items('Apply_to_each')?['AssignTo']","actions":{"Append_to_array_variable":{"runAfter":{},"metadata":{"operationMetadataId":"04578e42-dcd7-40b7-b5cb-c83320339b57"},"type":"AppendToArrayVariable","inputs":{"name":"expandedArray","value":{"Title":"@{items('Apply_to_each')?['Title']}","AssignTo":"@{items('Apply_to_each_2')?['Email']}"}}}},"runAfter":{},"metadata":{"operationMetadataId":"4932bbe8-ea65-497a-882f-5500064a6e06"},"type":"Foreach"}},"runAfter":{"Initialize_variable":["Succeeded"]},"metadata":{"operationMetadataId":"aff81b14-ab32-4857-bc5f-65c960a2acc1"},"type":"Foreach"},"Show_result_array":{"runAfter":{"Apply_to_each":["Succeeded"]},"metadata":{"operationMetadataId":"3b737140-7287-400c-aff8-72e472e32174"},"type":"Compose","inputs":"@variables('expandedArray')"}}},"connectionReferences":{},"flowFailureAlertSubscribed":false}}