{"schemaVersion":"1.0","appDefinitionTemplate":{"id":"/providers/Microsoft.PowerApps/apps/","type":"Microsoft.PowerApps/apps","tags":{"primaryDeviceWidth":"1366","primaryDeviceHeight":"768","sienaVersion":"20200222T053928Z-3.20022.19.0","deviceCapabilities":"","supportsPortrait":"false","supportsLandscape":"true","primaryFormFactor":"Tablet","publisherVersion":"3.20022.19","minimumRequiredApiVersion":"2.2.0","hasComponent":"false","hasUnlockedComponent":"false"},"properties":{"appVersion":"2020-02-22T05:39:28Z","lifeCycleId":"Published","createdByClientVersion":{"major":3,"minor":20022,"build":19,"revision":0,"majorRevision":0,"minorRevision":0},"minClientVersion":{"major":3,"minor":20022,"build":19,"revision":0,"majorRevision":0,"minorRevision":0},"backgroundColor":"rgba(0, 176, 240, 1)","backgroundImageUri":"/3462338029761585168/N35ccfe92-cf80-4ce7-bfa2-76785e539894-logoSmallFile","displayName":"dnd","description":"","commitMessage":"","appUris":{"documentUri":{"value":"/3462338029761585168/N3c11f5f9-333b-425d-8672-7be65dba0280-document.msapp","readonlyValue":"/3462338029761585168/N3c11f5f9-333b-425d-8672-7be65dba0280-document.msapp"},"imageUris":[]},"createdTime":"0001-01-01T00:00:00Z","lastModifiedTime":"0001-01-01T00:00:00Z","sharedGroupsCount":0,"sharedUsersCount":0,"icons":{"smallIconUri":"/3462338029761585168/N6a007de1-6c59-4da9-b14e-ac35f81694de-small.png","mediumIconUri":"/3462338029761585168/Nd3018793-3b2b-4414-967c-f191784be584-medium.png","largeIconUri":"/3462338029761585168/Nd6a03213-ec10-4c31-b5dd-8ae08c02dda2-large.png","wideIconUri":"/3462338029761585168/Nce39b387-3cd4-4b72-8035-89a2714b9f97-wide.png"},"connectionReferences":{},"databaseReferences":{},"almMode":"Environment","performanceOptimizationEnabled":false},"isAppComponentLibrary":false,"appComponents":[]}}