{"name":"01793361-af71-4f7c-aed7-370e4d9dd146","id":"/providers/Microsoft.Flow/flows/01793361-af71-4f7c-aed7-370e4d9dd146","type":"Microsoft.Flow/flows","properties":{"apiId":"/providers/Microsoft.PowerApps/apis/shared_logicflows","displayName":"Excelから返すフロー","definition":{"metadata":{"workflowEntityId":null,"processAdvisorMetadata":null,"flowclientsuspensionreason":"None","flowclientsuspensiontime":null,"flowclientsuspensionreasondetails":null,"creator":{"id":"18841347-6623-4fb3-9694-1d411f03ae5d","type":"User","tenantId":"b5cf997a-643d-4007-a2e5-6ec9c5ab85cb"},"provisioningMethod":"FromDefinition","failureAlertSubscription":true,"clientLastModifiedTime":"2022-07-17T01:18:05.9398131Z"},"$schema":"https://schema.management.azure.com/providers/Microsoft.Logic/schemas/2016-06-01/workflowdefinition.json#","contentVersion":"1.0.0.0","parameters":{"$connections":{"defaultValue":{},"type":"Object"},"$authentication":{"defaultValue":{},"type":"SecureObject"}},"triggers":{"manual":{"metadata":{"operationMetadataId":"72fb4b04-c59c-408a-bc63-6de0bed8e941"},"type":"Request","kind":"PowerAppV2","inputs":{"schema":{"type":"object","properties":{"text":{"title":"AppUserEmail","type":"string","x-ms-dynamically-added":true,"description":"Please enter your input","x-ms-content-hint":"TEXT"}},"required":["text"]}}}},"actions":{"List_rows_present_in_a_table":{"runAfter":{},"metadata":{"01EXSPYOYQ6QT6743TX5FIH7N7SXVMC44I":"/Temps/SalaryDataFile.xlsx","operationMetadataId":"32747380-16ee-4e3d-91ae-7c49361d50ef","tableId":"{E0A8C47B-4352-4FB5-BEF9-14C95177E4B2}"},"type":"OpenApiConnection","inputs":{"host":{"apiId":"/providers/Microsoft.PowerApps/apis/shared_excelonlinebusiness","connectionName":"shared_excelonlinebusiness","operationId":"GetItems"},"parameters":{"source":"me","drive":"b!1HQ2YLSm2EGCnUGjCkzyXN8b7PHouXdGqBB0wwoNqVF00nUIA0pUQaD3ol_3OR86","file":"01EXSPYOYQ6QT6743TX5FIH7N7SXVMC44I","table":"{E0A8C47B-4352-4FB5-BEF9-14C95177E4B2}","$filter":"EmailAddress eq '@{triggerBody()['text']}'"},"authentication":{"value":"@json(decodeBase64(triggerOutputs().headers['X-MS-APIM-Tokens']))['$ConnectionKey']","type":"Raw"}}},"Compose":{"runAfter":{"List_rows_present_in_a_table":["Succeeded"]},"metadata":{"operationMetadataId":"3065e927-ce27-472a-8527-bec33f0ea6da"},"type":"Compose","inputs":"@first(outputs('List_rows_present_in_a_table')?['body/value'])"},"Respond_to_a_PowerApp_or_flow":{"runAfter":{"Compose":["Succeeded"]},"metadata":{"operationMetadataId":"79518d00-e129-40b5-82d5-7ecfa470b52a"},"type":"Response","kind":"PowerApp","inputs":{"statusCode":200,"body":{"2021salary":"@{outputs('Compose')?['2021Salary']}","2022salary":"@{outputs('Compose')?['2022Salary']}","2023salary":"@{outputs('Compose')?['2023Salary']}","remarks":"@{outputs('Compose')?['remarks']}"},"schema":{"type":"object","properties":{"2021salary":{"title":"2021Salary","x-ms-dynamically-added":true,"type":"string"},"2022salary":{"title":"2022Salary","x-ms-dynamically-added":true,"type":"string"},"2023salary":{"title":"2023Salary","x-ms-dynamically-added":true,"type":"string"},"remarks":{"title":"Remarks","x-ms-dynamically-added":true,"type":"string"}}}}}}},"connectionReferences":{"shared_excelonlinebusiness":{"connectionName":"shared-excelonlinebu-51a74b38-3154-4d3b-988b-b634f981f843","source":"Invoker","id":"/providers/Microsoft.PowerApps/apis/shared_excelonlinebusiness","tier":"NotSpecified"}},"flowFailureAlertSubscribed":false,"isManaged":false}}