{"name":"94aa6392-c9c5-4984-973c-8348379acae8","id":"/providers/Microsoft.Flow/flows/94aa6392-c9c5-4984-973c-8348379acae8","type":"Microsoft.Flow/flows","properties":{"apiId":"/providers/Microsoft.PowerApps/apis/shared_logicflows","displayName":"休息通知","definition":{"metadata":{"workflowEntityId":null,"processAdvisorMetadata":null,"flowclientsuspensionreason":"None","flowclientsuspensiontime":null,"creator":{"id":"e8c906f3-6502-422d-abfc-e1aaba7ecbeb","type":"User","tenantId":"7b4df313-4bd9-4a7a-b474-2c7021d04e57"},"provisioningMethod":"FromDefinition","failureAlertSubscription":true,"clientLastModifiedTime":"2021-07-27T14:05:22.2011044Z"},"$schema":"https://schema.management.azure.com/providers/Microsoft.Logic/schemas/2016-06-01/workflowdefinition.json#","contentVersion":"1.0.0.0","parameters":{"$connections":{"defaultValue":{},"type":"Object"},"$authentication":{"defaultValue":{},"type":"SecureObject"}},"triggers":{"manual":{"type":"Request","kind":"Button","inputs":{"schema":{"type":"object","properties":{},"required":[]}}}},"actions":{"Do_until":{"actions":{"Compose":{"runAfter":{},"type":"Compose","inputs":"@variables('snooze')"},"Post_adaptive_card_and_wait_for_a_response":{"runAfter":{"Compose":["Succeeded"]},"limit":{"timeout":"PT45M"},"type":"OpenApiConnectionWebhook","inputs":{"host":{"apiId":"/providers/Microsoft.PowerApps/apis/shared_teams","connectionName":"shared_teams","operationId":"PostCardAndWaitForResponse"},"parameters":{"poster":"Flow bot","location":"Chat with Flow bot","body/body/messageBody":"{\n    \"type\": \"AdaptiveCard\",\n    \"$schema\": \"http://adaptivecards.io/schemas/adaptive-card.json\",\n    \"version\": \"1.2\",\n    \"body\": [\n        {\n            \"type\": \"ColumnSet\",\n            \"columns\": [\n                {\n                    \"type\": \"Column\",\n                    \"width\": 20,\n                    \"backgroundImage\": {\n                        \"url\": \"https://4.bp.blogspot.com/-xzKabWtOPzw/WRkupu76hmI/AAAAAAABETA/h9lAsmjI-f0ioLtNkrNS-iq2gWke1us3QCLcB/s800/eyemask_man.png\",\n                        \"verticalAlignment\": \"Center\"\n                    }\n                },\n                {\n                    \"type\": \"Column\",\n                    \"width\": 80,\n                    \"items\": [\n                        {\n                            \"type\": \"TextBlock\",\n                            \"size\": \"Large\",\n                            \"text\": \"45分通知です。\\n\\nそろそろ休憩をとりましょう\",\n                            \"spacing\": \"Medium\",\n                            \"color\": \"Accent\",\n                            \"weight\": \"Bolder\",\n                            \"maxLines\": 0,\n                            \"wrap\": true,\n                            \"height\": \"stretch\"\n                        }\n                    ]\n                }\n            ]\n        }\n    ],\n    \"actions\": [\n        {\n            \"type\": \"Action.Submit\",\n            \"title\": \"OK\",\n            \"style\": \"positive\",\n      \"data\": {\n        \"res\": \"continue\"      }\n        },\n        {\n            \"type\": \"Action.Submit\",\n            \"title\": \"Stop\",\n            \"style\": \"positive\",\n      \"data\": {\n        \"res\": \"break\"\n      }\n        }\n    ]\n}","body/body/updateMessage":"Thanks for your response!","body/body/recipient/to":"user@example.com"},"authentication":"@parameters('$authentication')"},"description":"通知までの時間を変更するときは設定のタイムアウトを変更"},"Delay":{"runAfter":{"Compose":["Succeeded"]},"type":"Wait","inputs":{"interval":{"count":45,"unit":"Minute"}}},"Condition":{"actions":{"Set_variable":{"runAfter":{},"type":"SetVariable","inputs":{"name":"snooze","value":"@outputs('Post_adaptive_card_and_wait_for_a_response')?['body/data/res']"}}},"runAfter":{"Post_adaptive_card_and_wait_for_a_response":["Succeeded","TimedOut"],"Delay":["Succeeded"]},"else":{"actions":{"Delay_3":{"runAfter":{},"type":"Wait","inputs":{"interval":{"count":5,"unit":"Minute"}}}}},"expression":{"equals":["@outputs('Post_adaptive_card_and_wait_for_a_response')?['body/data/res']","break"]},"type":"If","description":"Stopボタンがおされたらres に break が入るのでDo untilを終了する条件に設定"}},"runAfter":{"Delay_2":["Succeeded"]},"expression":"@equals(variables('snooze'), 'break')","limit":{"count":60,"timeout":"PT2H"},"type":"Until"},"Initialize_variable":{"runAfter":{},"type":"InitializeVariable","inputs":{"variables":[{"name":"snooze","type":"string","value":"continue"}]},"description":"通知を継続するか終了するか。continue/break"},"Post_a_message_as_the_Flow_bot_to_a_user":{"runAfter":{"Initialize_variable":["Succeeded"]},"type":"OpenApiConnection","inputs":{"host":{"apiId":"/providers/Microsoft.PowerApps/apis/shared_teams","connectionName":"shared_teams","operationId":"PostUserNotification"},"parameters":{"PostNotificationRequest/recipient/to":"user@example.com","PostNotificationRequest/messageBody":"休憩通知を有効にしました。"},"authentication":"@parameters('$authentication')"}},"Delay_2":{"runAfter":{"Post_a_message_as_the_Flow_bot_to_a_user":["Succeeded"]},"type":"Wait","inputs":{"interval":{"count":45,"unit":"Minute"}}}},"outputs":{}},"connectionReferences":{"shared_teams":{"connectionName":"add12c2ab3ce4ba39c6ce5a7d50cf16f","source":"Embedded","id":"/providers/Microsoft.PowerApps/apis/shared_teams","tier":"NotSpecified"}},"flowFailureAlertSubscribed":false}}