{"schemaVersion":"1.0","appDefinitionTemplate":{"id":"/providers/Microsoft.PowerApps/apps/","type":"Microsoft.PowerApps/apps","tags":{"minimumRequiredApiVersion":"2.2.0"},"properties":{"appVersion":"2020-02-06T13:46:21Z","lifeCycleId":"Published","createdByClientVersion":{"major":3,"minor":20014,"build":17,"revision":0,"majorRevision":0,"minorRevision":0},"minClientVersion":{"major":3,"minor":20014,"build":17,"revision":0,"majorRevision":0,"minorRevision":0},"backgroundColor":"rgba(0, 176, 240, 1)","backgroundImageUri":"/319629497036046817/Nfafb4604-06f0-4fc0-a2c2-27092344eed4-logoSmallFile","displayName":"WorkRecord_dist","description":"","commitMessage":"","appUris":{"documentUri":{"value":"/319629497036046817/Na66a6e2e-0375-4f2f-943d-3b17fd72b55e-document.msapp","readonlyValue":"/319629497036046817/Na66a6e2e-0375-4f2f-943d-3b17fd72b55e-document.msapp"},"imageUris":[]},"createdTime":"0001-01-01T00:00:00Z","lastModifiedTime":"0001-01-01T00:00:00Z","sharedGroupsCount":0,"sharedUsersCount":0,"icons":{"smallIconUri":"/319629497036046817/N2cdf801e-8c4a-41ae-a9e1-7b6033c7b235-small.png","mediumIconUri":"/319629497036046817/Nfafadc67-eca8-4df3-9812-f0d3371e9a8a-medium.png","largeIconUri":"/319629497036046817/N0ec6edaa-63a5-4f42-b04e-52bc851292d6-large.png","wideIconUri":"/319629497036046817/Nf962a131-1d47-4297-9957-c6952e1e48f8-wide.png"},"connectionReferences":{},"databaseReferences":{},"almMode":"Environment","performanceOptimizationEnabled":false,"canConsumeAppPass":true},"isAppComponentLibrary":false,"appComponents":[]}}