{"name":"00dfed71-0a81-4678-929a-9fe910d726dd","id":"/providers/Microsoft.Flow/flows/00dfed71-0a81-4678-929a-9fe910d726dd","type":"Microsoft.Flow/flows","properties":{"apiId":"/providers/Microsoft.PowerApps/apis/shared_logicflows","displayName":"禁止文字置き換え","definition":{"metadata":{"workflowEntityId":null,"processAdvisorMetadata":null,"flowclientsuspensionreason":"None","flowclientsuspensiontime":null,"flowclientsuspensionreasondetails":null,"creator":{"id":"18841347-6623-4fb3-9694-1d411f03ae5d","type":"User","tenantId":"b5cf997a-643d-4007-a2e5-6ec9c5ab85cb"},"provisioningMethod":"FromDefinition","failureAlertSubscription":true,"clientLastModifiedTime":"2022-08-04T10:13:00.33668Z"},"$schema":"https://schema.management.azure.com/providers/Microsoft.Logic/schemas/2016-06-01/workflowdefinition.json#","contentVersion":"1.0.0.0","parameters":{"$authentication":{"defaultValue":{},"type":"SecureObject"}},"triggers":{"manual":{"metadata":{"operationMetadataId":"afd2b713-051e-42f7-b200-536a7bd5949a"},"type":"Request","kind":"Button","inputs":{"schema":{"type":"object","properties":{},"required":[]}}}},"actions":{"件名":{"runAfter":{},"metadata":{"operationMetadataId":"a82dbcd9-bb99-4e59-b83b-99ad80fa84e3"},"type":"Compose","inputs":"<至急>ご対応お願いします/Reminder!?"},"禁止文字":{"runAfter":{"Initialize_variable":["Succeeded"]},"metadata":{"operationMetadataId":"94ca5ecc-ac61-42d8-9adc-29b3be27f281"},"type":"InitializeVariable","inputs":{"variables":[{"name":"禁止文字","type":"array","value":"@createArray('\"','*',':','<','>','?','/','\\','|')"}]}},"Initialize_variable":{"runAfter":{"件名":["Succeeded"]},"metadata":{"operationMetadataId":"c3384bf4-db5f-4f37-b36e-8b53717ffd47"},"type":"InitializeVariable","inputs":{"variables":[{"name":"置き換え後","type":"string","value":"@{outputs('件名')}"}]}},"Apply_to_each":{"foreach":"@variables('禁止文字')","actions":{"Compose":{"runAfter":{},"metadata":{"operationMetadataId":"27e9b24e-63a4-44a2-b526-e0eac828c410"},"type":"Compose","inputs":"@variables('置き換え後')"},"Set_variable":{"runAfter":{"Compose":["Succeeded"]},"metadata":{"operationMetadataId":"69d6a7ec-15a7-4d6e-906b-13a0a7f8fff8"},"type":"SetVariable","inputs":{"name":"置き換え後","value":"@{replace(outputs('Compose'),item(),'_')}"}}},"runAfter":{"禁止文字":["Succeeded"]},"metadata":{"operationMetadataId":"9d91d747-3645-49c5-8387-d59cf1308b2d"},"type":"Foreach"},"Compose_2":{"runAfter":{"Apply_to_each":["Succeeded"]},"metadata":{"operationMetadataId":"07b31ee4-33c5-4096-b88e-e3359e9b9e37"},"type":"Compose","inputs":"@variables('置き換え後')"}}},"connectionReferences":{},"flowFailureAlertSubscribed":false,"isManaged":false}}