{"name":"325a16d7-5fe0-4d2e-a20e-90e7ca571cd1","id":"/providers/Microsoft.Flow/flows/325a16d7-5fe0-4d2e-a20e-90e7ca571cd1","type":"Microsoft.Flow/flows","properties":{"apiId":"/providers/Microsoft.PowerApps/apis/shared_logicflows","displayName":"体調状況確認フロー","definition":{"metadata":{"workflowEntityId":null,"creator":{"id":"e8c906f3-6502-422d-abfc-e1aaba7ecbeb","type":"User","tenantId":"7b4df313-4bd9-4a7a-b474-2c7021d04e57"},"provisioningMethod":"FromDefinition","failureAlertSubscription":true,"clientLastModifiedTime":"2020-04-02T08:01:14.236178Z"},"$schema":"https://schema.management.azure.com/providers/Microsoft.Logic/schemas/2016-06-01/workflowdefinition.json#","contentVersion":"1.0.0.0","parameters":{"$connections":{"defaultValue":{},"type":"Object"},"$authentication":{"defaultValue":{},"type":"SecureObject"}},"triggers":{"manual":{"type":"Request","kind":"Button","inputs":{"schema":{"type":"object","properties":{},"required":[]}}}},"actions":{"送信対象":{"runAfter":{},"type":"Compose","inputs":["tanaka@chonmage.onmicrosoft.com","nagao@chonmage.onmicrosoft.com","yamada@chongame.onmicrosoft.com"],"description":"送信するメンバーのアドレスを入力."},"Apply_to_each":{"foreach":"@outputs('送信対象')","actions":{"サーベイ送信":{"runAfter":{},"metadata":{"flowSystemMetadata":{"swaggerOperationId":"SubscribeUserFlowContinuation"}},"type":"ApiConnectionWebhook","inputs":{"host":{"connection":{"name":"@json(decodeBase64(triggerOutputs().headers['X-MS-APIM-Tokens']))['$connections']['shared_teams']['connectionId']"},"api":{"runtimeUrl":"https://unitedstates-002.azure-apim.net/apim/teams"}},"body":{"notificationUrl":"@{listCallbackUrl()}","body":{"recipient":{"to":"@{items('Apply_to_each')}"},"messageBody":"{\"type\":\"AdaptiveCard\",\"body\":[{\"type\":\"Container\",\"items\":[{\"type\":\"TextBlock\",\"wrap\":true,\"text\":\"お疲れ様です。\\n\\nこのアンケートはみなさんの現在の健康状態を確認するものです。\\n\\n回答結果は匿名で保存されますが、フォローが必要な場合には最後に☑をいれてください。\"}],\"style\":\"good\",\"bleed\":true},{\"type\":\"TextBlock\",\"text\":\"Q1. 今日の体温はどうですか？*\"},{\"type\":\"Input.ChoiceSet\",\"placeholder\":\"Placeholder text\",\"choices\":[{\"title\":\"平熱どおり\",\"value\":\"normal\"},{\"title\":\"少し熱っぽい\",\"value\":\"feverish\"},{\"title\":\"熱がある\",\"value\":\"fever\"}],\"style\":\"expanded\",\"id\":\"Temperature\"},{\"type\":\"TextBlock\",\"text\":\"Q2. 咳やだるさはありませんか？ (複数回答可)\"},{\"type\":\"Input.ChoiceSet\",\"placeholder\":\"Placeholder text\",\"choices\":[{\"title\":\"だるさがある\",\"value\":\"sluggish\"},{\"title\":\"せきがでる\",\"value\":\"cough\"},{\"title\":\"頭痛がする\",\"value\":\"headache\"}],\"style\":\"expanded\",\"id\":\"Physical\",\"isMultiSelect\":true},{\"type\":\"TextBlock\",\"text\":\"Q3. 在宅勤務で困っていることはありませんか？ (複数回答可)\"},{\"type\":\"Input.ChoiceSet\",\"placeholder\":\"Placeholder text\",\"choices\":[{\"title\":\"寂しい\",\"value\":\"lonely\"},{\"title\":\"環境がわるい\",\"value\":\"environment\"},{\"title\":\"集中できない\",\"value\":\"focus\"}],\"style\":\"expanded\",\"isMultiSelect\":true,\"id\":\"WFH\"},{\"type\":\"TextBlock\",\"text\":\"Q4. その他に困っていることがあれば記載してください。\"},{\"type\":\"Input.Text\",\"placeholder\":\"回答は任意です\",\"isMultiline\":true,\"id\":\"OtherConcern\"},{\"type\":\"Input.Toggle\",\"id\":\"RecordAddress\",\"value\":\"記録しない\",\"valueOff\":\"記録しない\",\"valueOn\":\"記録する\",\"title\":\"フォローのために名前を記録しますか？\"},{\"type\":\"ActionSet\",\"actions\":[{\"type\":\"Action.Submit\",\"title\":\"回答する\"}]}],\"$schema\":\"http://adaptivecards.io/schemas/adaptive-card.json\",\"version\":\"1.2\",\"-ms-tokens\":{}}","updateMessage":"ご回答ありがとうございました。","shouldUpdateCard":true}},"path":"/flowbot/actions/flowcontinuation/recipienttypes/user/$subscriptions","authentication":{"type":"Raw","value":"@json(decodeBase64(triggerOutputs().headers['X-MS-APIM-Tokens']))['$ConnectionKey']"}}},"Condition":{"actions":{"フォーマット調整_-_体調":{"runAfter":{},"type":"Select","inputs":{"from":"@split(body('サーベイ送信')?['data']?['physical'],',')","select":{"Value":"@item()"}},"description":"SharePointに登録できる形にフォーマットを変更"}},"runAfter":{"サーベイ送信":["Succeeded"]},"expression":{"not":{"equals":["@body('サーベイ送信')?['data']?['physical']","@null"]}},"type":"If","description":"体調に関する回答結果が1つ以上チェックされているか"},"Condition_2":{"actions":{"フォーマット調整_-_WFH":{"runAfter":{},"type":"Select","inputs":{"from":"@split(body('サーベイ送信')?['data']?['wfh'],',')","select":{"Value":"@item()"}},"description":"SharePointに登録できる形にフォーマット変更"}},"runAfter":{"Condition":["Succeeded"]},"expression":{"not":{"equals":["@body('サーベイ送信')?['data']?['wfh']","@null"]}},"type":"If","description":"WFHに関する回答結果が1つ以上チェックされているか"},"回答結果登録":{"runAfter":{"Condition_2":["Succeeded"]},"metadata":{"flowSystemMetadata":{"swaggerOperationId":"PostItem"}},"type":"ApiConnection","inputs":{"host":{"connection":{"name":"@json(decodeBase64(triggerOutputs().headers['X-MS-APIM-Tokens']))['$connections']['shared_sharepointonline']['connectionId']"},"api":{"runtimeUrl":"https://unitedstates-002.azure-apim.net/apim/sharepointonline"}},"method":"post","body":{"Title":"@{if(equals(body('サーベイ送信')?['data']?['recordAddress'], '記録しない'), '匿名', body('サーベイ送信')?['responder']?['displayName'])}","OData__x4f53__x6e29_":{"Value":"@body('サーベイ送信')?['data']?['temperature']"},"OData__x4f53__x8abf_":"@body('フォーマット調整_-_体調')","OData__x5728__x5b85__x52e4__x52d9_":"@body('フォーマット調整_-_WFH')","OData__x305d__x306e__x4ed6__x60a9__x30":"@body('サーベイ送信')?['data']?['otherConcern']"},"path":"/datasets/@{encodeURIComponent(encodeURIComponent('https://chonmage.sharepoint.com/sites/MySite'))}/tables/@{encodeURIComponent(encodeURIComponent('aa066df2-0f8b-4599-84c7-a645b2891e71'))}/items","authentication":{"type":"Raw","value":"@json(decodeBase64(triggerOutputs().headers['X-MS-APIM-Tokens']))['$ConnectionKey']"}},"description":"Title列には”匿名”か、回答者のDisplay Nameを記録"}},"runAfter":{"送信対象":["Succeeded"]},"type":"Foreach"},"サーベイ完了報告":{"runAfter":{"Apply_to_each":["Succeeded"]},"metadata":{"flowSystemMetadata":{"swaggerOperationId":"PostUserNotification"}},"type":"ApiConnection","inputs":{"host":{"connection":{"name":"@json(decodeBase64(triggerOutputs().headers['X-MS-APIM-Tokens']))['$connections']['shared_teams']['connectionId']"},"api":{"runtimeUrl":"https://unitedstates-002.azure-apim.net/apim/teams"}},"method":"post","body":{"messageTitle":"サーベイ完了 ","recipient":{"to":"nagao@chonmage.onmicrosoft.com;"},"messageBody":"本日分の体調・在宅勤務に関するサーベイが完了しました。\nSharePointで結果を確認してください。\n\nhttps://chonmage.sharepoint.com/sites/MySite/Lists/SurveyResult/Today.aspx"},"path":"/flowbot/actions/notification/recipienttypes/user","authentication":{"type":"Raw","value":"@json(decodeBase64(triggerOutputs().headers['X-MS-APIM-Tokens']))['$ConnectionKey']"}}}}},"connectionReferences":{"shared_teams":{"connectionName":"shared-teams-63259dd1-8288-4078-8dd1-6824756fabd1","source":"Invoker","id":"/providers/Microsoft.PowerApps/apis/shared_teams","tier":"NotSpecified"},"shared_sharepointonline":{"connectionName":"shared-sharepointonl-1c6a7bfd-254e-49e4-8502-4cc39f07ac9a","source":"Invoker","id":"/providers/Microsoft.PowerApps/apis/shared_sharepointonline","tier":"NotSpecified"}},"flowFailureAlertSubscribed":false}}