{"name":"0bc4182d-73f6-4375-8260-1cc5206756c6","id":"/providers/Microsoft.Flow/flows/0bc4182d-73f6-4375-8260-1cc5206756c6","type":"Microsoft.Flow/flows","properties":{"apiId":"/providers/Microsoft.PowerApps/apis/shared_logicflows","displayName":"Compare Groups","definition":{"metadata":{"workflowEntityId":null,"processAdvisorMetadata":null,"flowclientsuspensionreason":"None","flowclientsuspensiontime":null,"flowclientsuspensionreasondetails":null,"creator":{"id":"18841347-6623-4fb3-9694-1d411f03ae5d","type":"User","tenantId":"b5cf997a-643d-4007-a2e5-6ec9c5ab85cb"},"provisioningMethod":"FromDefinition","failureAlertSubscription":true,"clientLastModifiedTime":"2022-11-29T12:20:19.5830287Z"},"$schema":"https://schema.management.azure.com/providers/Microsoft.Logic/schemas/2016-06-01/workflowdefinition.json#","contentVersion":"1.0.0.0","parameters":{"$connections":{"defaultValue":{},"type":"Object"},"$authentication":{"defaultValue":{},"type":"SecureObject"}},"triggers":{"manual":{"metadata":{"operationMetadataId":"5edb96c5-0531-4e10-921a-2a808ddf741a"},"type":"Request","kind":"Button","inputs":{"schema":{"type":"object","properties":{},"required":[]}}}},"actions":{"Send_an_HTTP_request":{"runAfter":{"Compose-Source":["Succeeded"]},"metadata":{"operationMetadataId":"8a1e6113-7a92-4483-96c0-e115a6e0065c"},"type":"OpenApiConnection","inputs":{"host":{"apiId":"/providers/Microsoft.PowerApps/apis/shared_office365groups","connectionName":"shared_office365groups","operationId":"HttpRequest"},"parameters":{"Uri":"https://graph.microsoft.com/v1.0/groups","Method":"GET","ContentType":"application/json"},"authentication":{"value":"@json(decodeBase64(triggerOutputs().headers['X-MS-APIM-Tokens']))['$ConnectionKey']","type":"Raw"}}},"Parse_JSON":{"runAfter":{"Send_an_HTTP_request":["Succeeded"]},"metadata":{"operationMetadataId":"96ff75c6-c232-4db7-b754-348773529f28"},"type":"ParseJson","inputs":{"content":"@body('Send_an_HTTP_request')","schema":{"type":"object","properties":{"@@odata.context":{"type":"string"},"value":{"type":"array","items":{"type":"object","properties":{"id":{"type":"string"},"displayName":{"type":"string"},"groupTypes":{"type":"array","items":{"type":"string"}}},"required":["id","displayName","groupTypes"]}}}}}},"Select":{"runAfter":{"Parse_JSON":["Succeeded"]},"metadata":{"operationMetadataId":"964efeb0-b7a5-470a-be25-8f6058e0e1c6"},"type":"Select","inputs":{"from":"@body('Parse_JSON')?['value']","select":"@item()?['displayName']"}},"Compose-Source":{"runAfter":{},"metadata":{"operationMetadataId":"98521d9c-182d-42ff-b632-5f09fb32b0dc"},"type":"Compose","inputs":[{"Name":"Sample Group123"},{"Name":"test_group1"},{"Name":"PowerAppGuys"},{"Name":"MoreBeer"},{"Name":"teamsitesharing"},{"Name":"FTEs"}]},"Filter_array":{"runAfter":{"Select":["Succeeded"]},"metadata":{"operationMetadataId":"addb93ea-4031-4ca2-9e66-a93005d801fc"},"type":"Query","inputs":{"from":"@outputs('Compose-Source')","where":"@not(contains(body('Select'), item()?['Name']))"}}}},"connectionReferences":{"shared_office365groups":{"connectionName":"shared-office365grou-152b7b9c-4b14-4bea-a5de-5c8d0754aa88","source":"Invoker","id":"/providers/Microsoft.PowerApps/apis/shared_office365groups","tier":"NotSpecified"}},"flowFailureAlertSubscribed":false,"isManaged":false}}