{"schemaVersion":"1.0","appDefinitionTemplate":{"id":"/providers/Microsoft.PowerApps/apps/","type":"Microsoft.PowerApps/apps","tags":{"primaryDeviceWidth":"1366","primaryDeviceHeight":"768","sienaVersion":"20201012T164154Z-3.20094.24.0","deviceCapabilities":"","supportsPortrait":"false","supportsLandscape":"true","primaryFormFactor":"Tablet","publisherVersion":"3.20094.24","minimumRequiredApiVersion":"2.2.0","hasComponent":"false","hasUnlockedComponent":"false","isUnifiedRootApp":"false"},"properties":{"appVersion":"2020-10-12T16:41:54Z","lifeCycleId":"Published","createdByClientVersion":{"major":3,"minor":20094,"build":24,"revision":0,"majorRevision":0,"minorRevision":0},"minClientVersion":{"major":3,"minor":20094,"build":24,"revision":0,"majorRevision":0,"minorRevision":0},"backgroundColor":"rgba(0, 176, 240, 1)","backgroundImageUri":"/13962870124816698781/N557a3f2e-f9a7-46c0-8a66-a5786193b813-logoSmallFile","displayName":"compare component","description":"","commitMessage":"","appUris":{"documentUri":{"value":"/13962870124816698781/Nb7020b62-59f2-4311-82d2-daa51fc02a31-document.msapp","readonlyValue":"/13962870124816698781/Nb7020b62-59f2-4311-82d2-daa51fc02a31-document.msapp"},"imageUris":[]},"createdTime":"0001-01-01T00:00:00Z","lastModifiedTime":"0001-01-01T00:00:00Z","sharedGroupsCount":0,"sharedUsersCount":0,"icons":{"smallIconUri":"/13962870124816698781/Nb13eef81-5d9c-445c-9b51-88fb0aa25caf-small.png","mediumIconUri":"/13962870124816698781/N9757bafc-6954-4731-af94-8c51e8838ca6-medium.png","largeIconUri":"/13962870124816698781/N114f2b30-cbfe-4f2d-b8d1-94c683371f6e-large.png","wideIconUri":"/13962870124816698781/N9ea57cb9-464a-4bd8-81cb-a742f5f94f61-wide.png"},"connectionReferences":{},"databaseReferences":{},"almMode":"Environment","performanceOptimizationEnabled":true,"canConsumeAppPass":true},"isAppComponentLibrary":false,"appType":"ClassicCanvasApp","appComponents":[]}}