{"name":"546cfb19-3384-49cf-b36a-28a91b2b7bdc","id":"/providers/Microsoft.Flow/flows/546cfb19-3384-49cf-b36a-28a91b2b7bdc","type":"Microsoft.Flow/flows","properties":{"apiId":"/providers/Microsoft.PowerApps/apis/shared_logicflows","displayName":"グループ外メンバー取得フロー","definition":{"metadata":{"workflowEntityId":null,"processAdvisorMetadata":null,"flowclientsuspensionreason":"None","flowclientsuspensiontime":null,"flowclientsuspensionreasondetails":null,"creator":{"id":"e8c906f3-6502-422d-abfc-e1aaba7ecbeb","type":"User","tenantId":"7b4df313-4bd9-4a7a-b474-2c7021d04e57"},"provisioningMethod":"FromDefinition","failureAlertSubscription":true,"clientLastModifiedTime":"2022-08-05T01:36:59.204577Z"},"$schema":"https://schema.management.azure.com/providers/Microsoft.Logic/schemas/2016-06-01/workflowdefinition.json#","contentVersion":"1.0.0.0","parameters":{"$connections":{"defaultValue":{},"type":"Object"},"$authentication":{"defaultValue":{},"type":"SecureObject"}},"triggers":{"manual":{"metadata":{"operationMetadataId":"a463b13c-3817-4b0a-95e8-6dbaadc0331a"},"type":"Request","kind":"Button","inputs":{"schema":{"type":"object","properties":{},"required":[]}}}},"actions":{"Compose_-_Site_URL":{"runAfter":{},"metadata":{"operationMetadataId":"e338b681-4a6f-486b-9f8f-0f223d59efbc"},"type":"Compose","inputs":"ここにサイトURLを入力"},"Send_an_HTTP_request_to_SharePoint":{"runAfter":{"Compose_-_GroupId":["Succeeded"]},"metadata":{"operationMetadataId":"d21d130e-c4dc-4e36-aad8-e78d0402d090"},"type":"OpenApiConnection","inputs":{"host":{"apiId":"/providers/Microsoft.PowerApps/apis/shared_sharepointonline","connectionName":"shared_sharepointonline","operationId":"HttpRequest"},"parameters":{"dataset":"@outputs('Compose_-_Site_URL')","parameters/method":"GET","parameters/uri":"_api/web/SiteGroups?$expand=Users"},"authentication":{"value":"@json(decodeBase64(triggerOutputs().headers['X-MS-APIM-Tokens']))['$ConnectionKey']","type":"Raw"}}},"Send_an_HTTP_request_-_Site_Properties":{"runAfter":{"Compose_-_Site_URL":["Succeeded"]},"metadata":{"operationMetadataId":"4903841a-52bd-42fd-bf58-95b2a08fe39c"},"type":"OpenApiConnection","inputs":{"host":{"apiId":"/providers/Microsoft.PowerApps/apis/shared_sharepointonline","connectionName":"shared_sharepointonline","operationId":"HttpRequest"},"parameters":{"dataset":"@outputs('Compose_-_Site_URL')","parameters/method":"GET","parameters/uri":"_api/web/allproperties"},"authentication":{"value":"@json(decodeBase64(triggerOutputs().headers['X-MS-APIM-Tokens']))['$ConnectionKey']","type":"Raw"}}},"Compose_-_GroupId":{"runAfter":{"Send_an_HTTP_request_-_Site_Properties":["Succeeded"]},"metadata":{"operationMetadataId":"5aa1cbab-339b-4980-b008-ab4e677ed4e0"},"type":"Compose","inputs":"@body('Send_an_HTTP_request_-_Site_Properties')?['d']?['GroupId']","description":"body('Send_an_HTTP_request_-_Site_Properties')?['d']?['GroupId']"},"Compose":{"runAfter":{"Apply_to_each":["Succeeded"]},"metadata":{"operationMetadataId":"e338b681-4a6f-486b-9f8f-0f223d59efbc"},"type":"Compose","inputs":"@variables('results')"},"Apply_to_each":{"foreach":"@createArray('所有者','メンバー','閲覧者')","actions":{"Filter_array_6":{"runAfter":{},"metadata":{"operationMetadataId":"1c6ae901-53e1-4f78-a467-c532ca9fd1bb"},"type":"Query","inputs":{"from":"@outputs('Send_an_HTTP_request_to_SharePoint')?['body']?['d']?['results']","where":"@contains(item()?['Title'], items('Apply_to_each'))"}},"Compose_2":{"runAfter":{"Select":["Succeeded"]},"metadata":{"operationMetadataId":"d7b99096-bcbc-4c9c-a3fa-ba00b41cdb62"},"type":"Compose","inputs":"@variables('results')"},"Set_variable":{"runAfter":{"Compose_2":["Succeeded"]},"metadata":{"operationMetadataId":"7477a918-7afc-434f-a8ad-7f32e793fb84"},"type":"SetVariable","inputs":{"name":"results","value":"@union(outputs('Compose_2'),body('Select'))"}},"Filter_array_-_remove_Group_member":{"runAfter":{"Filter_array_6":["Succeeded"]},"metadata":{"operationMetadataId":"b5969e43-512f-40a0-8a6b-0314564a1ad6"},"type":"Query","inputs":{"from":"@first(body('Filter_array_6'))?['Users']?['results']","where":"@not(contains(item()?['LoginName'], outputs('Compose_-_GroupId')))"}},"Filter_array_-_remove_System_accout":{"runAfter":{"Filter_array_-_remove_Group_member":["Succeeded"]},"metadata":{"operationMetadataId":"a002e202-2479-4a66-8c67-a9863be58c95"},"type":"Query","inputs":{"from":"@body('Filter_array_-_remove_Group_member')","where":"@not(contains(item()?['LoginName'], 'system'))"}},"Select":{"runAfter":{"Filter_array_-_remove_System_accout":["Succeeded"]},"metadata":{"operationMetadataId":"599e874e-a312-4358-83b4-cce2480c553b"},"type":"Select","inputs":{"from":"@body('Filter_array_-_remove_System_accout')","select":{"UPN":"@item()?['UserPrincipalName']","Title":"@item()?['Title']","Type":"@items('Apply_to_each')"}}}},"runAfter":{"Initialize_variable":["Succeeded"]},"metadata":{"operationMetadataId":"9a0ce634-4ecf-44f5-add4-bb136ffd4578"},"type":"Foreach"},"Initialize_variable":{"runAfter":{"Send_an_HTTP_request_to_SharePoint":["Succeeded"]},"metadata":{"operationMetadataId":"b96037b6-bf64-4976-92cf-666adf06e71c"},"type":"InitializeVariable","inputs":{"variables":[{"name":"results","type":"array","value":[]}]}}}},"connectionReferences":{"shared_sharepointonline":{"connectionName":"5b164e0da13c4409a5f536028163874d","source":"Invoker","id":"/providers/Microsoft.PowerApps/apis/shared_sharepointonline","tier":"NotSpecified"}},"flowFailureAlertSubscribed":false,"isManaged":false}}